cell_id,study,Cycles ,anode,cathode,electrolyte,Cycle,temperature,min_soc,max_soc,charge_crate,discharge_crate,capacity_ah,form_factor
SNL_18650_LFP_15C_0-100_0.5-1C_a,snl,"4,551.00",graphite,LFP,A123,50,15,0,100,0.5,1,1.1,18650
SNL_18650_LFP_15C_0-100_0.5-1C_a,snl,"4,551.00",graphite,LFP,A123,100,15,0,100,0.5,1,1.1,18650
SNL_18650_LFP_15C_0-100_0.5-1C_a,snl,"4,551.00",graphite,LFP,A123,150,15,0,100,0.5,1,1.1,18650
SNL_18650_LFP_15C_0-100_0.5-1C_a,snl,"4,551.00",graphite,LFP,A123,200,15,0,100,0.5,1,1.1,18650
SNL_18650_LFP_15C_0-100_0.5-1C_a,snl,"4,551.00",graphite,LFP,A123,250,15,0,100,0.5,1,1.1,18650
SNL_18650_LFP_15C_0-100_0.5-1C_a,snl,"4,551.00",graphite,LFP,A123,300,15,0,100,0.5,1,1.1,18650
SNL_18650_LFP_15C_0-100_0.5-1C_a,snl,"4,551.00",graphite,LFP,A123,350,15,0,100,0.5,1,1.1,18650
SNL_18650_LFP_15C_0-100_0.5-1C_a,snl,"4,551.00",graphite,LFP,A123,400,15,0,100,0.5,1,1.1,18650
SNL_18650_LFP_15C_0-100_0.5-1C_a,snl,"4,551.00",graphite,LFP,A123,450,15,0,100,0.5,1,1.1,18650
SNL_18650_LFP_15C_0-100_0.5-1C_a,snl,"4,551.00",graphite,LFP,A123,500,15,0,100,0.5,1,1.1,18650
SNL_18650_LFP_15C_0-100_0.5-1C_b,snl,"3,553.00",graphite,LFP,A123,50,15,0,100,0.5,1,1.1,18650
SNL_18650_LFP_15C_0-100_0.5-1C_b,snl,"3,553.00",graphite,LFP,A123,100,15,0,100,0.5,1,1.1,18650
SNL_18650_LFP_15C_0-100_0.5-1C_b,snl,"3,553.00",graphite,LFP,A123,150,15,0,100,0.5,1,1.1,18650
SNL_18650_LFP_15C_0-100_0.5-1C_b,snl,"3,553.00",graphite,LFP,A123,200,15,0,100,0.5,1,1.1,18650
SNL_18650_LFP_15C_0-100_0.5-1C_b,snl,"3,553.00",graphite,LFP,A123,250,15,0,100,0.5,1,1.1,18650
SNL_18650_LFP_15C_0-100_0.5-1C_b,snl,"3,553.00",graphite,LFP,A123,300,15,0,100,0.5,1,1.1,18650
SNL_18650_LFP_15C_0-100_0.5-1C_b,snl,"3,553.00",graphite,LFP,A123,350,15,0,100,0.5,1,1.1,18650
SNL_18650_LFP_15C_0-100_0.5-1C_b,snl,"3,553.00",graphite,LFP,A123,400,15,0,100,0.5,1,1.1,18650
SNL_18650_LFP_15C_0-100_0.5-1C_b,snl,"3,553.00",graphite,LFP,A123,450,15,0,100,0.5,1,1.1,18650
SNL_18650_LFP_15C_0-100_0.5-1C_b,snl,"3,553.00",graphite,LFP,A123,500,15,0,100,0.5,1,1.1,18650
SNL_18650_LFP_15C_0-100_0.5-2C_a,snl,"3,761.00",graphite,LFP,A123,50,15,0,100,0.5,2,1.1,18650
SNL_18650_LFP_15C_0-100_0.5-2C_a,snl,"3,761.00",graphite,LFP,A123,100,15,0,100,0.5,2,1.1,18650
SNL_18650_LFP_15C_0-100_0.5-2C_a,snl,"3,761.00",graphite,LFP,A123,150,15,0,100,0.5,2,1.1,18650
SNL_18650_LFP_15C_0-100_0.5-2C_a,snl,"3,761.00",graphite,LFP,A123,200,15,0,100,0.5,2,1.1,18650
SNL_18650_LFP_15C_0-100_0.5-2C_a,snl,"3,761.00",graphite,LFP,A123,250,15,0,100,0.5,2,1.1,18650
SNL_18650_LFP_15C_0-100_0.5-2C_a,snl,"3,761.00",graphite,LFP,A123,300,15,0,100,0.5,2,1.1,18650
SNL_18650_LFP_15C_0-100_0.5-2C_a,snl,"3,761.00",graphite,LFP,A123,350,15,0,100,0.5,2,1.1,18650
SNL_18650_LFP_15C_0-100_0.5-2C_a,snl,"3,761.00",graphite,LFP,A123,400,15,0,100,0.5,2,1.1,18650
SNL_18650_LFP_15C_0-100_0.5-2C_a,snl,"3,761.00",graphite,LFP,A123,450,15,0,100,0.5,2,1.1,18650
SNL_18650_LFP_15C_0-100_0.5-2C_a,snl,"3,761.00",graphite,LFP,A123,500,15,0,100,0.5,2,1.1,18650
SNL_18650_LFP_15C_0-100_0.5-2C_b,snl,"3,754.00",graphite,LFP,A123,50,15,0,100,0.5,2,1.1,18650
SNL_18650_LFP_15C_0-100_0.5-2C_b,snl,"3,754.00",graphite,LFP,A123,100,15,0,100,0.5,2,1.1,18650
SNL_18650_LFP_15C_0-100_0.5-2C_b,snl,"3,754.00",graphite,LFP,A123,150,15,0,100,0.5,2,1.1,18650
SNL_18650_LFP_15C_0-100_0.5-2C_b,snl,"3,754.00",graphite,LFP,A123,200,15,0,100,0.5,2,1.1,18650
SNL_18650_LFP_15C_0-100_0.5-2C_b,snl,"3,754.00",graphite,LFP,A123,250,15,0,100,0.5,2,1.1,18650
SNL_18650_LFP_15C_0-100_0.5-2C_b,snl,"3,754.00",graphite,LFP,A123,300,15,0,100,0.5,2,1.1,18650
SNL_18650_LFP_15C_0-100_0.5-2C_b,snl,"3,754.00",graphite,LFP,A123,350,15,0,100,0.5,2,1.1,18650
SNL_18650_LFP_15C_0-100_0.5-2C_b,snl,"3,754.00",graphite,LFP,A123,400,15,0,100,0.5,2,1.1,18650
SNL_18650_LFP_15C_0-100_0.5-2C_b,snl,"3,754.00",graphite,LFP,A123,450,15,0,100,0.5,2,1.1,18650
SNL_18650_LFP_15C_0-100_0.5-2C_b,snl,"3,754.00",graphite,LFP,A123,500,15,0,100,0.5,2,1.1,18650
SNL_18650_LFP_25C_0-100_0.5-0.5C_a,snl,"3,050.00",graphite,LFP,A123,50,25,0,100,0.5,0.5,1.1,18650
SNL_18650_LFP_25C_0-100_0.5-0.5C_a,snl,"3,050.00",graphite,LFP,A123,100,25,0,100,0.5,0.5,1.1,18650
SNL_18650_LFP_25C_0-100_0.5-0.5C_a,snl,"3,050.00",graphite,LFP,A123,150,25,0,100,0.5,0.5,1.1,18650
SNL_18650_LFP_25C_0-100_0.5-0.5C_a,snl,"3,050.00",graphite,LFP,A123,200,25,0,100,0.5,0.5,1.1,18650
SNL_18650_LFP_25C_0-100_0.5-0.5C_a,snl,"3,050.00",graphite,LFP,A123,250,25,0,100,0.5,0.5,1.1,18650
SNL_18650_LFP_25C_0-100_0.5-0.5C_a,snl,"3,050.00",graphite,LFP,A123,300,25,0,100,0.5,0.5,1.1,18650
SNL_18650_LFP_25C_0-100_0.5-0.5C_a,snl,"3,050.00",graphite,LFP,A123,350,25,0,100,0.5,0.5,1.1,18650
SNL_18650_LFP_25C_0-100_0.5-0.5C_a,snl,"3,050.00",graphite,LFP,A123,400,25,0,100,0.5,0.5,1.1,18650
SNL_18650_LFP_25C_0-100_0.5-0.5C_a,snl,"3,050.00",graphite,LFP,A123,450,25,0,100,0.5,0.5,1.1,18650
SNL_18650_LFP_25C_0-100_0.5-0.5C_a,snl,"3,050.00",graphite,LFP,A123,500,25,0,100,0.5,0.5,1.1,18650
SNL_18650_LFP_25C_0-100_0.5-1C_a,snl,"3,545.00",graphite,LFP,A123,50,25,0,100,0.5,1,1.1,18650
SNL_18650_LFP_25C_0-100_0.5-1C_a,snl,"3,545.00",graphite,LFP,A123,100,25,0,100,0.5,1,1.1,18650
SNL_18650_LFP_25C_0-100_0.5-1C_a,snl,"3,545.00",graphite,LFP,A123,150,25,0,100,0.5,1,1.1,18650
SNL_18650_LFP_25C_0-100_0.5-1C_a,snl,"3,545.00",graphite,LFP,A123,200,25,0,100,0.5,1,1.1,18650
SNL_18650_LFP_25C_0-100_0.5-1C_a,snl,"3,545.00",graphite,LFP,A123,250,25,0,100,0.5,1,1.1,18650
SNL_18650_LFP_25C_0-100_0.5-1C_a,snl,"3,545.00",graphite,LFP,A123,300,25,0,100,0.5,1,1.1,18650
SNL_18650_LFP_25C_0-100_0.5-1C_a,snl,"3,545.00",graphite,LFP,A123,350,25,0,100,0.5,1,1.1,18650
SNL_18650_LFP_25C_0-100_0.5-1C_a,snl,"3,545.00",graphite,LFP,A123,400,25,0,100,0.5,1,1.1,18650
SNL_18650_LFP_25C_0-100_0.5-1C_a,snl,"3,545.00",graphite,LFP,A123,450,25,0,100,0.5,1,1.1,18650
SNL_18650_LFP_25C_0-100_0.5-1C_a,snl,"3,545.00",graphite,LFP,A123,500,25,0,100,0.5,1,1.1,18650
SNL_18650_LFP_25C_0-100_0.5-1C_b,snl,"3,636.00",graphite,LFP,A123,50,25,0,100,0.5,1,1.1,18650
SNL_18650_LFP_25C_0-100_0.5-1C_b,snl,"3,636.00",graphite,LFP,A123,100,25,0,100,0.5,1,1.1,18650
SNL_18650_LFP_25C_0-100_0.5-1C_b,snl,"3,636.00",graphite,LFP,A123,150,25,0,100,0.5,1,1.1,18650
SNL_18650_LFP_25C_0-100_0.5-1C_b,snl,"3,636.00",graphite,LFP,A123,200,25,0,100,0.5,1,1.1,18650
SNL_18650_LFP_25C_0-100_0.5-1C_b,snl,"3,636.00",graphite,LFP,A123,250,25,0,100,0.5,1,1.1,18650
SNL_18650_LFP_25C_0-100_0.5-1C_b,snl,"3,636.00",graphite,LFP,A123,300,25,0,100,0.5,1,1.1,18650
SNL_18650_LFP_25C_0-100_0.5-1C_b,snl,"3,636.00",graphite,LFP,A123,350,25,0,100,0.5,1,1.1,18650
SNL_18650_LFP_25C_0-100_0.5-1C_b,snl,"3,636.00",graphite,LFP,A123,400,25,0,100,0.5,1,1.1,18650
SNL_18650_LFP_25C_0-100_0.5-1C_b,snl,"3,636.00",graphite,LFP,A123,450,25,0,100,0.5,1,1.1,18650
SNL_18650_LFP_25C_0-100_0.5-1C_b,snl,"3,636.00",graphite,LFP,A123,500,25,0,100,0.5,1,1.1,18650
SNL_18650_LFP_25C_0-100_0.5-1C_c,snl,"3,038.00",graphite,LFP,A123,50,25,0,100,0.5,1,1.1,18650
SNL_18650_LFP_25C_0-100_0.5-1C_c,snl,"3,038.00",graphite,LFP,A123,100,25,0,100,0.5,1,1.1,18650
SNL_18650_LFP_25C_0-100_0.5-1C_c,snl,"3,038.00",graphite,LFP,A123,150,25,0,100,0.5,1,1.1,18650
SNL_18650_LFP_25C_0-100_0.5-1C_c,snl,"3,038.00",graphite,LFP,A123,200,25,0,100,0.5,1,1.1,18650
SNL_18650_LFP_25C_0-100_0.5-1C_c,snl,"3,038.00",graphite,LFP,A123,250,25,0,100,0.5,1,1.1,18650
SNL_18650_LFP_25C_0-100_0.5-1C_c,snl,"3,038.00",graphite,LFP,A123,300,25,0,100,0.5,1,1.1,18650
SNL_18650_LFP_25C_0-100_0.5-1C_c,snl,"3,038.00",graphite,LFP,A123,350,25,0,100,0.5,1,1.1,18650
SNL_18650_LFP_25C_0-100_0.5-1C_c,snl,"3,038.00",graphite,LFP,A123,400,25,0,100,0.5,1,1.1,18650
SNL_18650_LFP_25C_0-100_0.5-1C_c,snl,"3,038.00",graphite,LFP,A123,450,25,0,100,0.5,1,1.1,18650
SNL_18650_LFP_25C_0-100_0.5-1C_c,snl,"3,038.00",graphite,LFP,A123,500,25,0,100,0.5,1,1.1,18650
SNL_18650_LFP_25C_0-100_0.5-1C_d,snl,"3,038.00",graphite,LFP,A123,50,25,0,100,0.5,1,1.1,18650
SNL_18650_LFP_25C_0-100_0.5-1C_d,snl,"3,038.00",graphite,LFP,A123,100,25,0,100,0.5,1,1.1,18650
SNL_18650_LFP_25C_0-100_0.5-1C_d,snl,"3,038.00",graphite,LFP,A123,150,25,0,100,0.5,1,1.1,18650
SNL_18650_LFP_25C_0-100_0.5-1C_d,snl,"3,038.00",graphite,LFP,A123,200,25,0,100,0.5,1,1.1,18650
SNL_18650_LFP_25C_0-100_0.5-1C_d,snl,"3,038.00",graphite,LFP,A123,250,25,0,100,0.5,1,1.1,18650
SNL_18650_LFP_25C_0-100_0.5-1C_d,snl,"3,038.00",graphite,LFP,A123,300,25,0,100,0.5,1,1.1,18650
SNL_18650_LFP_25C_0-100_0.5-1C_d,snl,"3,038.00",graphite,LFP,A123,350,25,0,100,0.5,1,1.1,18650
SNL_18650_LFP_25C_0-100_0.5-1C_d,snl,"3,038.00",graphite,LFP,A123,400,25,0,100,0.5,1,1.1,18650
SNL_18650_LFP_25C_0-100_0.5-1C_d,snl,"3,038.00",graphite,LFP,A123,450,25,0,100,0.5,1,1.1,18650
SNL_18650_LFP_25C_0-100_0.5-1C_d,snl,"3,038.00",graphite,LFP,A123,500,25,0,100,0.5,1,1.1,18650
SNL_18650_LFP_25C_0-100_0.5-2C_a,snl,"3,544.00",graphite,LFP,A123,50,25,0,100,0.5,2,1.1,18650
SNL_18650_LFP_25C_0-100_0.5-2C_a,snl,"3,544.00",graphite,LFP,A123,100,25,0,100,0.5,2,1.1,18650
SNL_18650_LFP_25C_0-100_0.5-2C_a,snl,"3,544.00",graphite,LFP,A123,150,25,0,100,0.5,2,1.1,18650
SNL_18650_LFP_25C_0-100_0.5-2C_a,snl,"3,544.00",graphite,LFP,A123,200,25,0,100,0.5,2,1.1,18650
SNL_18650_LFP_25C_0-100_0.5-2C_a,snl,"3,544.00",graphite,LFP,A123,250,25,0,100,0.5,2,1.1,18650
SNL_18650_LFP_25C_0-100_0.5-2C_a,snl,"3,544.00",graphite,LFP,A123,300,25,0,100,0.5,2,1.1,18650
SNL_18650_LFP_25C_0-100_0.5-2C_a,snl,"3,544.00",graphite,LFP,A123,350,25,0,100,0.5,2,1.1,18650
SNL_18650_LFP_25C_0-100_0.5-2C_a,snl,"3,544.00",graphite,LFP,A123,400,25,0,100,0.5,2,1.1,18650
SNL_18650_LFP_25C_0-100_0.5-2C_a,snl,"3,544.00",graphite,LFP,A123,450,25,0,100,0.5,2,1.1,18650
SNL_18650_LFP_25C_0-100_0.5-2C_a,snl,"3,544.00",graphite,LFP,A123,500,25,0,100,0.5,2,1.1,18650
SNL_18650_LFP_25C_0-100_0.5-2C_b,snl,"4,050.00",graphite,LFP,A123,50,25,0,100,0.5,2,1.1,18650
SNL_18650_LFP_25C_0-100_0.5-2C_b,snl,"4,050.00",graphite,LFP,A123,100,25,0,100,0.5,2,1.1,18650
SNL_18650_LFP_25C_0-100_0.5-2C_b,snl,"4,050.00",graphite,LFP,A123,150,25,0,100,0.5,2,1.1,18650
SNL_18650_LFP_25C_0-100_0.5-2C_b,snl,"4,050.00",graphite,LFP,A123,200,25,0,100,0.5,2,1.1,18650
SNL_18650_LFP_25C_0-100_0.5-2C_b,snl,"4,050.00",graphite,LFP,A123,250,25,0,100,0.5,2,1.1,18650
SNL_18650_LFP_25C_0-100_0.5-2C_b,snl,"4,050.00",graphite,LFP,A123,300,25,0,100,0.5,2,1.1,18650
SNL_18650_LFP_25C_0-100_0.5-2C_b,snl,"4,050.00",graphite,LFP,A123,350,25,0,100,0.5,2,1.1,18650
SNL_18650_LFP_25C_0-100_0.5-2C_b,snl,"4,050.00",graphite,LFP,A123,400,25,0,100,0.5,2,1.1,18650
SNL_18650_LFP_25C_0-100_0.5-2C_b,snl,"4,050.00",graphite,LFP,A123,450,25,0,100,0.5,2,1.1,18650
SNL_18650_LFP_25C_0-100_0.5-2C_b,snl,"4,050.00",graphite,LFP,A123,500,25,0,100,0.5,2,1.1,18650
SNL_18650_LFP_25C_0-100_0.5-3C_a,snl,"4,569.00",graphite,LFP,A123,50,25,0,100,0.5,3,1.1,18650
SNL_18650_LFP_25C_0-100_0.5-3C_a,snl,"4,569.00",graphite,LFP,A123,100,25,0,100,0.5,3,1.1,18650
SNL_18650_LFP_25C_0-100_0.5-3C_a,snl,"4,569.00",graphite,LFP,A123,150,25,0,100,0.5,3,1.1,18650
SNL_18650_LFP_25C_0-100_0.5-3C_a,snl,"4,569.00",graphite,LFP,A123,200,25,0,100,0.5,3,1.1,18650
SNL_18650_LFP_25C_0-100_0.5-3C_a,snl,"4,569.00",graphite,LFP,A123,250,25,0,100,0.5,3,1.1,18650
SNL_18650_LFP_25C_0-100_0.5-3C_a,snl,"4,569.00",graphite,LFP,A123,300,25,0,100,0.5,3,1.1,18650
SNL_18650_LFP_25C_0-100_0.5-3C_a,snl,"4,569.00",graphite,LFP,A123,350,25,0,100,0.5,3,1.1,18650
SNL_18650_LFP_25C_0-100_0.5-3C_a,snl,"4,569.00",graphite,LFP,A123,400,25,0,100,0.5,3,1.1,18650
SNL_18650_LFP_25C_0-100_0.5-3C_a,snl,"4,569.00",graphite,LFP,A123,450,25,0,100,0.5,3,1.1,18650
SNL_18650_LFP_25C_0-100_0.5-3C_a,snl,"4,569.00",graphite,LFP,A123,500,25,0,100,0.5,3,1.1,18650
SNL_18650_LFP_25C_0-100_0.5-3C_b,snl,"4,062.00",graphite,LFP,A123,50,25,0,100,0.5,3,1.1,18650
SNL_18650_LFP_25C_0-100_0.5-3C_b,snl,"4,062.00",graphite,LFP,A123,100,25,0,100,0.5,3,1.1,18650
SNL_18650_LFP_25C_0-100_0.5-3C_b,snl,"4,062.00",graphite,LFP,A123,150,25,0,100,0.5,3,1.1,18650
SNL_18650_LFP_25C_0-100_0.5-3C_b,snl,"4,062.00",graphite,LFP,A123,200,25,0,100,0.5,3,1.1,18650
SNL_18650_LFP_25C_0-100_0.5-3C_b,snl,"4,062.00",graphite,LFP,A123,250,25,0,100,0.5,3,1.1,18650
SNL_18650_LFP_25C_0-100_0.5-3C_b,snl,"4,062.00",graphite,LFP,A123,300,25,0,100,0.5,3,1.1,18650
SNL_18650_LFP_25C_0-100_0.5-3C_b,snl,"4,062.00",graphite,LFP,A123,350,25,0,100,0.5,3,1.1,18650
SNL_18650_LFP_25C_0-100_0.5-3C_b,snl,"4,062.00",graphite,LFP,A123,400,25,0,100,0.5,3,1.1,18650
SNL_18650_LFP_25C_0-100_0.5-3C_b,snl,"4,062.00",graphite,LFP,A123,450,25,0,100,0.5,3,1.1,18650
SNL_18650_LFP_25C_0-100_0.5-3C_b,snl,"4,062.00",graphite,LFP,A123,500,25,0,100,0.5,3,1.1,18650
SNL_18650_LFP_25C_0-100_0.5-3C_c,snl,"3,555.00",graphite,LFP,A123,50,25,0,100,0.5,3,1.1,18650
SNL_18650_LFP_25C_0-100_0.5-3C_c,snl,"3,555.00",graphite,LFP,A123,100,25,0,100,0.5,3,1.1,18650
SNL_18650_LFP_25C_0-100_0.5-3C_c,snl,"3,555.00",graphite,LFP,A123,150,25,0,100,0.5,3,1.1,18650
SNL_18650_LFP_25C_0-100_0.5-3C_c,snl,"3,555.00",graphite,LFP,A123,200,25,0,100,0.5,3,1.1,18650
SNL_18650_LFP_25C_0-100_0.5-3C_c,snl,"3,555.00",graphite,LFP,A123,250,25,0,100,0.5,3,1.1,18650
SNL_18650_LFP_25C_0-100_0.5-3C_c,snl,"3,555.00",graphite,LFP,A123,300,25,0,100,0.5,3,1.1,18650
SNL_18650_LFP_25C_0-100_0.5-3C_c,snl,"3,555.00",graphite,LFP,A123,350,25,0,100,0.5,3,1.1,18650
SNL_18650_LFP_25C_0-100_0.5-3C_c,snl,"3,555.00",graphite,LFP,A123,400,25,0,100,0.5,3,1.1,18650
SNL_18650_LFP_25C_0-100_0.5-3C_c,snl,"3,555.00",graphite,LFP,A123,450,25,0,100,0.5,3,1.1,18650
SNL_18650_LFP_25C_0-100_0.5-3C_c,snl,"3,555.00",graphite,LFP,A123,500,25,0,100,0.5,3,1.1,18650
SNL_18650_LFP_25C_0-100_0.5-3C_d,snl,"4,062.00",graphite,LFP,A123,50,25,0,100,0.5,3,1.1,18650
SNL_18650_LFP_25C_0-100_0.5-3C_d,snl,"4,062.00",graphite,LFP,A123,100,25,0,100,0.5,3,1.1,18650
SNL_18650_LFP_25C_0-100_0.5-3C_d,snl,"4,062.00",graphite,LFP,A123,150,25,0,100,0.5,3,1.1,18650
SNL_18650_LFP_25C_0-100_0.5-3C_d,snl,"4,062.00",graphite,LFP,A123,200,25,0,100,0.5,3,1.1,18650
SNL_18650_LFP_25C_0-100_0.5-3C_d,snl,"4,062.00",graphite,LFP,A123,250,25,0,100,0.5,3,1.1,18650
SNL_18650_LFP_25C_0-100_0.5-3C_d,snl,"4,062.00",graphite,LFP,A123,300,25,0,100,0.5,3,1.1,18650
SNL_18650_LFP_25C_0-100_0.5-3C_d,snl,"4,062.00",graphite,LFP,A123,350,25,0,100,0.5,3,1.1,18650
SNL_18650_LFP_25C_0-100_0.5-3C_d,snl,"4,062.00",graphite,LFP,A123,400,25,0,100,0.5,3,1.1,18650
SNL_18650_LFP_25C_0-100_0.5-3C_d,snl,"4,062.00",graphite,LFP,A123,450,25,0,100,0.5,3,1.1,18650
SNL_18650_LFP_25C_0-100_0.5-3C_d,snl,"4,062.00",graphite,LFP,A123,500,25,0,100,0.5,3,1.1,18650
SNL_18650_LFP_25C_20-80_0.5-0.5C_a,snl,"7,375.00",graphite,LFP,A123,50,25,20,80,0.5,0.5,1.1,18650
SNL_18650_LFP_25C_20-80_0.5-0.5C_a,snl,"7,375.00",graphite,LFP,A123,100,25,20,80,0.5,0.5,1.1,18650
SNL_18650_LFP_25C_20-80_0.5-0.5C_a,snl,"7,375.00",graphite,LFP,A123,150,25,20,80,0.5,0.5,1.1,18650
SNL_18650_LFP_25C_20-80_0.5-0.5C_a,snl,"7,375.00",graphite,LFP,A123,200,25,20,80,0.5,0.5,1.1,18650
SNL_18650_LFP_25C_20-80_0.5-0.5C_a,snl,"7,375.00",graphite,LFP,A123,250,25,20,80,0.5,0.5,1.1,18650
SNL_18650_LFP_25C_20-80_0.5-0.5C_a,snl,"7,375.00",graphite,LFP,A123,300,25,20,80,0.5,0.5,1.1,18650
SNL_18650_LFP_25C_20-80_0.5-0.5C_a,snl,"7,375.00",graphite,LFP,A123,350,25,20,80,0.5,0.5,1.1,18650
SNL_18650_LFP_25C_20-80_0.5-0.5C_a,snl,"7,375.00",graphite,LFP,A123,400,25,20,80,0.5,0.5,1.1,18650
SNL_18650_LFP_25C_20-80_0.5-0.5C_a,snl,"7,375.00",graphite,LFP,A123,450,25,20,80,0.5,0.5,1.1,18650
SNL_18650_LFP_25C_20-80_0.5-0.5C_a,snl,"7,375.00",graphite,LFP,A123,500,25,20,80,0.5,0.5,1.1,18650
SNL_18650_LFP_25C_20-80_0.5-0.5C_b,snl,"8,396.00",graphite,LFP,A123,50,25,20,80,0.5,0.5,1.1,18650
SNL_18650_LFP_25C_20-80_0.5-0.5C_b,snl,"8,396.00",graphite,LFP,A123,100,25,20,80,0.5,0.5,1.1,18650
SNL_18650_LFP_25C_20-80_0.5-0.5C_b,snl,"8,396.00",graphite,LFP,A123,150,25,20,80,0.5,0.5,1.1,18650
SNL_18650_LFP_25C_20-80_0.5-0.5C_b,snl,"8,396.00",graphite,LFP,A123,200,25,20,80,0.5,0.5,1.1,18650
SNL_18650_LFP_25C_20-80_0.5-0.5C_b,snl,"8,396.00",graphite,LFP,A123,250,25,20,80,0.5,0.5,1.1,18650
SNL_18650_LFP_25C_20-80_0.5-0.5C_b,snl,"8,396.00",graphite,LFP,A123,300,25,20,80,0.5,0.5,1.1,18650
SNL_18650_LFP_25C_20-80_0.5-0.5C_b,snl,"8,396.00",graphite,LFP,A123,350,25,20,80,0.5,0.5,1.1,18650
SNL_18650_LFP_25C_20-80_0.5-0.5C_b,snl,"8,396.00",graphite,LFP,A123,400,25,20,80,0.5,0.5,1.1,18650
SNL_18650_LFP_25C_20-80_0.5-0.5C_b,snl,"8,396.00",graphite,LFP,A123,450,25,20,80,0.5,0.5,1.1,18650
SNL_18650_LFP_25C_20-80_0.5-0.5C_b,snl,"8,396.00",graphite,LFP,A123,500,25,20,80,0.5,0.5,1.1,18650
SNL_18650_LFP_25C_20-80_0.5-0.5C_c,snl,"5,945.00",graphite,LFP,A123,50,25,20,80,0.5,0.5,1.1,18650
SNL_18650_LFP_25C_20-80_0.5-0.5C_c,snl,"5,945.00",graphite,LFP,A123,100,25,20,80,0.5,0.5,1.1,18650
SNL_18650_LFP_25C_20-80_0.5-0.5C_c,snl,"5,945.00",graphite,LFP,A123,150,25,20,80,0.5,0.5,1.1,18650
SNL_18650_LFP_25C_20-80_0.5-0.5C_c,snl,"5,945.00",graphite,LFP,A123,200,25,20,80,0.5,0.5,1.1,18650
SNL_18650_LFP_25C_20-80_0.5-0.5C_c,snl,"5,945.00",graphite,LFP,A123,250,25,20,80,0.5,0.5,1.1,18650
SNL_18650_LFP_25C_20-80_0.5-0.5C_c,snl,"5,945.00",graphite,LFP,A123,300,25,20,80,0.5,0.5,1.1,18650
SNL_18650_LFP_25C_20-80_0.5-0.5C_c,snl,"5,945.00",graphite,LFP,A123,350,25,20,80,0.5,0.5,1.1,18650
SNL_18650_LFP_25C_20-80_0.5-0.5C_c,snl,"5,945.00",graphite,LFP,A123,400,25,20,80,0.5,0.5,1.1,18650
SNL_18650_LFP_25C_20-80_0.5-0.5C_c,snl,"5,945.00",graphite,LFP,A123,450,25,20,80,0.5,0.5,1.1,18650
SNL_18650_LFP_25C_20-80_0.5-0.5C_c,snl,"5,945.00",graphite,LFP,A123,500,25,20,80,0.5,0.5,1.1,18650
SNL_18650_LFP_25C_20-80_0.5-0.5C_d,snl,"6,592.00",graphite,LFP,A123,50,25,20,80,0.5,0.5,1.1,18650
SNL_18650_LFP_25C_20-80_0.5-0.5C_d,snl,"6,592.00",graphite,LFP,A123,100,25,20,80,0.5,0.5,1.1,18650
SNL_18650_LFP_25C_20-80_0.5-0.5C_d,snl,"6,592.00",graphite,LFP,A123,150,25,20,80,0.5,0.5,1.1,18650
SNL_18650_LFP_25C_20-80_0.5-0.5C_d,snl,"6,592.00",graphite,LFP,A123,200,25,20,80,0.5,0.5,1.1,18650
SNL_18650_LFP_25C_20-80_0.5-0.5C_d,snl,"6,592.00",graphite,LFP,A123,250,25,20,80,0.5,0.5,1.1,18650
SNL_18650_LFP_25C_20-80_0.5-0.5C_d,snl,"6,592.00",graphite,LFP,A123,300,25,20,80,0.5,0.5,1.1,18650
SNL_18650_LFP_25C_20-80_0.5-0.5C_d,snl,"6,592.00",graphite,LFP,A123,350,25,20,80,0.5,0.5,1.1,18650
SNL_18650_LFP_25C_20-80_0.5-0.5C_d,snl,"6,592.00",graphite,LFP,A123,400,25,20,80,0.5,0.5,1.1,18650
SNL_18650_LFP_25C_20-80_0.5-0.5C_d,snl,"6,592.00",graphite,LFP,A123,450,25,20,80,0.5,0.5,1.1,18650
SNL_18650_LFP_25C_20-80_0.5-0.5C_d,snl,"6,592.00",graphite,LFP,A123,500,25,20,80,0.5,0.5,1.1,18650
SNL_18650_LFP_25C_20-80_0.5-3C_a,snl,"2,959.00",graphite,LFP,A123,50,25,20,80,0.5,3,1.1,18650
SNL_18650_LFP_25C_20-80_0.5-3C_a,snl,"2,959.00",graphite,LFP,A123,100,25,20,80,0.5,3,1.1,18650
SNL_18650_LFP_25C_20-80_0.5-3C_a,snl,"2,959.00",graphite,LFP,A123,150,25,20,80,0.5,3,1.1,18650
SNL_18650_LFP_25C_20-80_0.5-3C_a,snl,"2,959.00",graphite,LFP,A123,200,25,20,80,0.5,3,1.1,18650
SNL_18650_LFP_25C_20-80_0.5-3C_a,snl,"2,959.00",graphite,LFP,A123,250,25,20,80,0.5,3,1.1,18650
SNL_18650_LFP_25C_20-80_0.5-3C_a,snl,"2,959.00",graphite,LFP,A123,300,25,20,80,0.5,3,1.1,18650
SNL_18650_LFP_25C_20-80_0.5-3C_a,snl,"2,959.00",graphite,LFP,A123,350,25,20,80,0.5,3,1.1,18650
SNL_18650_LFP_25C_20-80_0.5-3C_a,snl,"2,959.00",graphite,LFP,A123,400,25,20,80,0.5,3,1.1,18650
SNL_18650_LFP_25C_20-80_0.5-3C_a,snl,"2,959.00",graphite,LFP,A123,450,25,20,80,0.5,3,1.1,18650
SNL_18650_LFP_25C_20-80_0.5-3C_a,snl,"2,959.00",graphite,LFP,A123,500,25,20,80,0.5,3,1.1,18650
SNL_18650_LFP_25C_40-60_0.5-0.5C_a,snl,"19,175.00",graphite,LFP,A123,50,25,40,60,0.5,0.5,1.1,18650
SNL_18650_LFP_25C_40-60_0.5-0.5C_a,snl,"19,175.00",graphite,LFP,A123,100,25,40,60,0.5,0.5,1.1,18650
SNL_18650_LFP_25C_40-60_0.5-0.5C_a,snl,"19,175.00",graphite,LFP,A123,150,25,40,60,0.5,0.5,1.1,18650
SNL_18650_LFP_25C_40-60_0.5-0.5C_a,snl,"19,175.00",graphite,LFP,A123,200,25,40,60,0.5,0.5,1.1,18650
SNL_18650_LFP_25C_40-60_0.5-0.5C_a,snl,"19,175.00",graphite,LFP,A123,250,25,40,60,0.5,0.5,1.1,18650
SNL_18650_LFP_25C_40-60_0.5-0.5C_a,snl,"19,175.00",graphite,LFP,A123,300,25,40,60,0.5,0.5,1.1,18650
SNL_18650_LFP_25C_40-60_0.5-0.5C_a,snl,"19,175.00",graphite,LFP,A123,350,25,40,60,0.5,0.5,1.1,18650
SNL_18650_LFP_25C_40-60_0.5-0.5C_a,snl,"19,175.00",graphite,LFP,A123,400,25,40,60,0.5,0.5,1.1,18650
SNL_18650_LFP_25C_40-60_0.5-0.5C_a,snl,"19,175.00",graphite,LFP,A123,450,25,40,60,0.5,0.5,1.1,18650
SNL_18650_LFP_25C_40-60_0.5-0.5C_a,snl,"19,175.00",graphite,LFP,A123,500,25,40,60,0.5,0.5,1.1,18650
SNL_18650_LFP_25C_40-60_0.5-0.5C_b,snl,"18,166.00	",graphite,LFP,A123,50,25,40,60,0.5,0.5,1.1,18650
SNL_18650_LFP_25C_40-60_0.5-0.5C_b,snl,"18,166.00	",graphite,LFP,A123,100,25,40,60,0.5,0.5,1.1,18650
SNL_18650_LFP_25C_40-60_0.5-0.5C_b,snl,"18,166.00	",graphite,LFP,A123,150,25,40,60,0.5,0.5,1.1,18650
SNL_18650_LFP_25C_40-60_0.5-0.5C_b,snl,"18,166.00	",graphite,LFP,A123,200,25,40,60,0.5,0.5,1.1,18650
SNL_18650_LFP_25C_40-60_0.5-0.5C_b,snl,"18,166.00	",graphite,LFP,A123,250,25,40,60,0.5,0.5,1.1,18650
SNL_18650_LFP_25C_40-60_0.5-0.5C_b,snl,"18,166.00	",graphite,LFP,A123,300,25,40,60,0.5,0.5,1.1,18650
SNL_18650_LFP_25C_40-60_0.5-0.5C_b,snl,"18,166.00	",graphite,LFP,A123,350,25,40,60,0.5,0.5,1.1,18650
SNL_18650_LFP_25C_40-60_0.5-0.5C_b,snl,"18,166.00	",graphite,LFP,A123,400,25,40,60,0.5,0.5,1.1,18650
SNL_18650_LFP_25C_40-60_0.5-0.5C_b,snl,"18,166.00	",graphite,LFP,A123,450,25,40,60,0.5,0.5,1.1,18650
SNL_18650_LFP_25C_40-60_0.5-0.5C_b,snl,"18,166.00	",graphite,LFP,A123,500,25,40,60,0.5,0.5,1.1,18650
SNL_18650_LFP_25C_40-60_0.5-3C_a,snl,"12,628.00",graphite,LFP,A123,50,25,40,60,0.5,3,1.1,18650
SNL_18650_LFP_25C_40-60_0.5-3C_a,snl,"12,628.00",graphite,LFP,A123,100,25,40,60,0.5,3,1.1,18650
SNL_18650_LFP_25C_40-60_0.5-3C_a,snl,"12,628.00",graphite,LFP,A123,150,25,40,60,0.5,3,1.1,18650
SNL_18650_LFP_25C_40-60_0.5-3C_a,snl,"12,628.00",graphite,LFP,A123,200,25,40,60,0.5,3,1.1,18650
SNL_18650_LFP_25C_40-60_0.5-3C_a,snl,"12,628.00",graphite,LFP,A123,250,25,40,60,0.5,3,1.1,18650
SNL_18650_LFP_25C_40-60_0.5-3C_a,snl,"12,628.00",graphite,LFP,A123,300,25,40,60,0.5,3,1.1,18650
SNL_18650_LFP_25C_40-60_0.5-3C_a,snl,"12,628.00",graphite,LFP,A123,350,25,40,60,0.5,3,1.1,18650
SNL_18650_LFP_25C_40-60_0.5-3C_a,snl,"12,628.00",graphite,LFP,A123,400,25,40,60,0.5,3,1.1,18650
SNL_18650_LFP_25C_40-60_0.5-3C_a,snl,"12,628.00",graphite,LFP,A123,450,25,40,60,0.5,3,1.1,18650
SNL_18650_LFP_25C_40-60_0.5-3C_a,snl,"12,628.00",graphite,LFP,A123,500,25,40,60,0.5,3,1.1,18650
SNL_18650_LFP_25C_40-60_0.5-3C_b,snl,"11,621.00	",graphite,LFP,A123,50,25,40,60,0.5,3,1.1,18650
SNL_18650_LFP_25C_40-60_0.5-3C_b,snl,"11,621.00	",graphite,LFP,A123,100,25,40,60,0.5,3,1.1,18650
SNL_18650_LFP_25C_40-60_0.5-3C_b,snl,"11,621.00	",graphite,LFP,A123,150,25,40,60,0.5,3,1.1,18650
SNL_18650_LFP_25C_40-60_0.5-3C_b,snl,"11,621.00	",graphite,LFP,A123,200,25,40,60,0.5,3,1.1,18650
SNL_18650_LFP_25C_40-60_0.5-3C_b,snl,"11,621.00	",graphite,LFP,A123,250,25,40,60,0.5,3,1.1,18650
SNL_18650_LFP_25C_40-60_0.5-3C_b,snl,"11,621.00	",graphite,LFP,A123,300,25,40,60,0.5,3,1.1,18650
SNL_18650_LFP_25C_40-60_0.5-3C_b,snl,"11,621.00	",graphite,LFP,A123,350,25,40,60,0.5,3,1.1,18650
SNL_18650_LFP_25C_40-60_0.5-3C_b,snl,"11,621.00	",graphite,LFP,A123,400,25,40,60,0.5,3,1.1,18650
SNL_18650_LFP_25C_40-60_0.5-3C_b,snl,"11,621.00	",graphite,LFP,A123,450,25,40,60,0.5,3,1.1,18650
SNL_18650_LFP_25C_40-60_0.5-3C_b,snl,"11,621.00	",graphite,LFP,A123,500,25,40,60,0.5,3,1.1,18650
SNL_18650_LFP_35C_0-100_0.5-1C_a,snl,"3,156.00",graphite,LFP,A123,50,35,0,100,0.5,1,1.1,18650
SNL_18650_LFP_35C_0-100_0.5-1C_a,snl,"3,156.00",graphite,LFP,A123,100,35,0,100,0.5,1,1.1,18650
SNL_18650_LFP_35C_0-100_0.5-1C_a,snl,"3,156.00",graphite,LFP,A123,150,35,0,100,0.5,1,1.1,18650
SNL_18650_LFP_35C_0-100_0.5-1C_a,snl,"3,156.00",graphite,LFP,A123,200,35,0,100,0.5,1,1.1,18650
SNL_18650_LFP_35C_0-100_0.5-1C_a,snl,"3,156.00",graphite,LFP,A123,250,35,0,100,0.5,1,1.1,18650
SNL_18650_LFP_35C_0-100_0.5-1C_a,snl,"3,156.00",graphite,LFP,A123,300,35,0,100,0.5,1,1.1,18650
SNL_18650_LFP_35C_0-100_0.5-1C_a,snl,"3,156.00",graphite,LFP,A123,350,35,0,100,0.5,1,1.1,18650
SNL_18650_LFP_35C_0-100_0.5-1C_a,snl,"3,156.00",graphite,LFP,A123,400,35,0,100,0.5,1,1.1,18650
SNL_18650_LFP_35C_0-100_0.5-1C_a,snl,"3,156.00",graphite,LFP,A123,450,35,0,100,0.5,1,1.1,18650
SNL_18650_LFP_35C_0-100_0.5-1C_a,snl,"3,156.00",graphite,LFP,A123,500,35,0,100,0.5,1,1.1,18650
SNL_18650_LFP_35C_0-100_0.5-1C_b,snl,"3,342.00",graphite,LFP,A123,50,35,0,100,0.5,1,1.1,18650
SNL_18650_LFP_35C_0-100_0.5-1C_b,snl,"3,342.00",graphite,LFP,A123,100,35,0,100,0.5,1,1.1,18650
SNL_18650_LFP_35C_0-100_0.5-1C_b,snl,"3,342.00",graphite,LFP,A123,150,35,0,100,0.5,1,1.1,18650
SNL_18650_LFP_35C_0-100_0.5-1C_b,snl,"3,342.00",graphite,LFP,A123,200,35,0,100,0.5,1,1.1,18650
SNL_18650_LFP_35C_0-100_0.5-1C_b,snl,"3,342.00",graphite,LFP,A123,250,35,0,100,0.5,1,1.1,18650
SNL_18650_LFP_35C_0-100_0.5-1C_b,snl,"3,342.00",graphite,LFP,A123,300,35,0,100,0.5,1,1.1,18650
SNL_18650_LFP_35C_0-100_0.5-1C_b,snl,"3,342.00",graphite,LFP,A123,350,35,0,100,0.5,1,1.1,18650
SNL_18650_LFP_35C_0-100_0.5-1C_b,snl,"3,342.00",graphite,LFP,A123,400,35,0,100,0.5,1,1.1,18650
SNL_18650_LFP_35C_0-100_0.5-1C_b,snl,"3,342.00",graphite,LFP,A123,450,35,0,100,0.5,1,1.1,18650
SNL_18650_LFP_35C_0-100_0.5-1C_b,snl,"3,342.00",graphite,LFP,A123,500,35,0,100,0.5,1,1.1,18650
SNL_18650_LFP_35C_0-100_0.5-1C_c,snl,"3,342.00",graphite,LFP,A123,50,35,0,100,0.5,1,1.1,18650
SNL_18650_LFP_35C_0-100_0.5-1C_c,snl,"3,342.00",graphite,LFP,A123,100,35,0,100,0.5,1,1.1,18650
SNL_18650_LFP_35C_0-100_0.5-1C_c,snl,"3,342.00",graphite,LFP,A123,150,35,0,100,0.5,1,1.1,18650
SNL_18650_LFP_35C_0-100_0.5-1C_c,snl,"3,342.00",graphite,LFP,A123,200,35,0,100,0.5,1,1.1,18650
SNL_18650_LFP_35C_0-100_0.5-1C_c,snl,"3,342.00",graphite,LFP,A123,250,35,0,100,0.5,1,1.1,18650
SNL_18650_LFP_35C_0-100_0.5-1C_c,snl,"3,342.00",graphite,LFP,A123,300,35,0,100,0.5,1,1.1,18650
SNL_18650_LFP_35C_0-100_0.5-1C_c,snl,"3,342.00",graphite,LFP,A123,350,35,0,100,0.5,1,1.1,18650
SNL_18650_LFP_35C_0-100_0.5-1C_c,snl,"3,342.00",graphite,LFP,A123,400,35,0,100,0.5,1,1.1,18650
SNL_18650_LFP_35C_0-100_0.5-1C_c,snl,"3,342.00",graphite,LFP,A123,450,35,0,100,0.5,1,1.1,18650
SNL_18650_LFP_35C_0-100_0.5-1C_c,snl,"3,342.00",graphite,LFP,A123,500,35,0,100,0.5,1,1.1,18650
SNL_18650_LFP_35C_0-100_0.5-1C_d,snl,"3,798.00",graphite,LFP,A123,50,35,0,100,0.5,1,1.1,18650
SNL_18650_LFP_35C_0-100_0.5-1C_d,snl,"3,798.00",graphite,LFP,A123,100,35,0,100,0.5,1,1.1,18650
SNL_18650_LFP_35C_0-100_0.5-1C_d,snl,"3,798.00",graphite,LFP,A123,150,35,0,100,0.5,1,1.1,18650
SNL_18650_LFP_35C_0-100_0.5-1C_d,snl,"3,798.00",graphite,LFP,A123,200,35,0,100,0.5,1,1.1,18650
SNL_18650_LFP_35C_0-100_0.5-1C_d,snl,"3,798.00",graphite,LFP,A123,250,35,0,100,0.5,1,1.1,18650
SNL_18650_LFP_35C_0-100_0.5-1C_d,snl,"3,798.00",graphite,LFP,A123,300,35,0,100,0.5,1,1.1,18650
SNL_18650_LFP_35C_0-100_0.5-1C_d,snl,"3,798.00",graphite,LFP,A123,350,35,0,100,0.5,1,1.1,18650
SNL_18650_LFP_35C_0-100_0.5-1C_d,snl,"3,798.00",graphite,LFP,A123,400,35,0,100,0.5,1,1.1,18650
SNL_18650_LFP_35C_0-100_0.5-1C_d,snl,"3,798.00",graphite,LFP,A123,450,35,0,100,0.5,1,1.1,18650
SNL_18650_LFP_35C_0-100_0.5-1C_d,snl,"3,798.00",graphite,LFP,A123,500,35,0,100,0.5,1,1.1,18650
SNL_18650_LFP_35C_0-100_0.5-2C_a,snl,"3,856.00",graphite,LFP,A123,50,35,0,100,0.5,2,1.1,18650
SNL_18650_LFP_35C_0-100_0.5-2C_a,snl,"3,856.00",graphite,LFP,A123,100,35,0,100,0.5,2,1.1,18650
SNL_18650_LFP_35C_0-100_0.5-2C_a,snl,"3,856.00",graphite,LFP,A123,150,35,0,100,0.5,2,1.1,18650
SNL_18650_LFP_35C_0-100_0.5-2C_a,snl,"3,856.00",graphite,LFP,A123,200,35,0,100,0.5,2,1.1,18650
SNL_18650_LFP_35C_0-100_0.5-2C_a,snl,"3,856.00",graphite,LFP,A123,250,35,0,100,0.5,2,1.1,18650
SNL_18650_LFP_35C_0-100_0.5-2C_a,snl,"3,856.00",graphite,LFP,A123,300,35,0,100,0.5,2,1.1,18650
SNL_18650_LFP_35C_0-100_0.5-2C_a,snl,"3,856.00",graphite,LFP,A123,350,35,0,100,0.5,2,1.1,18650
SNL_18650_LFP_35C_0-100_0.5-2C_a,snl,"3,856.00",graphite,LFP,A123,400,35,0,100,0.5,2,1.1,18650
SNL_18650_LFP_35C_0-100_0.5-2C_a,snl,"3,856.00",graphite,LFP,A123,450,35,0,100,0.5,2,1.1,18650
SNL_18650_LFP_35C_0-100_0.5-2C_a,snl,"3,856.00",graphite,LFP,A123,500,35,0,100,0.5,2,1.1,18650
SNL_18650_LFP_35C_0-100_0.5-2C_b,snl,"3,598.00",graphite,LFP,A123,50,35,0,100,0.5,2,1.1,18650
SNL_18650_LFP_35C_0-100_0.5-2C_b,snl,"3,598.00",graphite,LFP,A123,100,35,0,100,0.5,2,1.1,18650
SNL_18650_LFP_35C_0-100_0.5-2C_b,snl,"3,598.00",graphite,LFP,A123,150,35,0,100,0.5,2,1.1,18650
SNL_18650_LFP_35C_0-100_0.5-2C_b,snl,"3,598.00",graphite,LFP,A123,200,35,0,100,0.5,2,1.1,18650
SNL_18650_LFP_35C_0-100_0.5-2C_b,snl,"3,598.00",graphite,LFP,A123,250,35,0,100,0.5,2,1.1,18650
SNL_18650_LFP_35C_0-100_0.5-2C_b,snl,"3,598.00",graphite,LFP,A123,300,35,0,100,0.5,2,1.1,18650
SNL_18650_LFP_35C_0-100_0.5-2C_b,snl,"3,598.00",graphite,LFP,A123,350,35,0,100,0.5,2,1.1,18650
SNL_18650_LFP_35C_0-100_0.5-2C_b,snl,"3,598.00",graphite,LFP,A123,400,35,0,100,0.5,2,1.1,18650
SNL_18650_LFP_35C_0-100_0.5-2C_b,snl,"3,598.00",graphite,LFP,A123,450,35,0,100,0.5,2,1.1,18650
SNL_18650_LFP_35C_0-100_0.5-2C_b,snl,"3,598.00",graphite,LFP,A123,500,35,0,100,0.5,2,1.1,18650
SNL_18650_NCA_15C_0-100_0.5-1C_a,snl,522,graphite,NCA,Pan,50,15,0,100,0.5,1,3.2,18650
SNL_18650_NCA_15C_0-100_0.5-1C_a,snl,522,graphite,NCA,Pan,100,15,0,100,0.5,1,3.2,18650
SNL_18650_NCA_15C_0-100_0.5-1C_a,snl,522,graphite,NCA,Pan,150,15,0,100,0.5,1,3.2,18650
SNL_18650_NCA_15C_0-100_0.5-1C_a,snl,522,graphite,NCA,Pan,200,15,0,100,0.5,1,3.2,18650
SNL_18650_NCA_15C_0-100_0.5-1C_a,snl,522,graphite,NCA,Pan,250,15,0,100,0.5,1,3.2,18650
SNL_18650_NCA_15C_0-100_0.5-1C_a,snl,522,graphite,NCA,Pan,300,15,0,100,0.5,1,3.2,18650
SNL_18650_NCA_15C_0-100_0.5-1C_a,snl,522,graphite,NCA,Pan,350,15,0,100,0.5,1,3.2,18650
SNL_18650_NCA_15C_0-100_0.5-1C_a,snl,522,graphite,NCA,Pan,400,15,0,100,0.5,1,3.2,18650
SNL_18650_NCA_15C_0-100_0.5-1C_a,snl,522,graphite,NCA,Pan,450,15,0,100,0.5,1,3.2,18650
SNL_18650_NCA_15C_0-100_0.5-1C_a,snl,522,graphite,NCA,Pan,500,15,0,100,0.5,1,3.2,18650
SNL_18650_NCA_15C_0-100_0.5-1C_b,snl,918,graphite,NCA,Pan,50,15,0,100,0.5,1,3.2,18650
SNL_18650_NCA_15C_0-100_0.5-1C_b,snl,918,graphite,NCA,Pan,100,15,0,100,0.5,1,3.2,18650
SNL_18650_NCA_15C_0-100_0.5-1C_b,snl,918,graphite,NCA,Pan,150,15,0,100,0.5,1,3.2,18650
SNL_18650_NCA_15C_0-100_0.5-1C_b,snl,918,graphite,NCA,Pan,200,15,0,100,0.5,1,3.2,18650
SNL_18650_NCA_15C_0-100_0.5-1C_b,snl,918,graphite,NCA,Pan,250,15,0,100,0.5,1,3.2,18650
SNL_18650_NCA_15C_0-100_0.5-1C_b,snl,918,graphite,NCA,Pan,300,15,0,100,0.5,1,3.2,18650
SNL_18650_NCA_15C_0-100_0.5-1C_b,snl,918,graphite,NCA,Pan,350,15,0,100,0.5,1,3.2,18650
SNL_18650_NCA_15C_0-100_0.5-1C_b,snl,918,graphite,NCA,Pan,400,15,0,100,0.5,1,3.2,18650
SNL_18650_NCA_15C_0-100_0.5-1C_b,snl,918,graphite,NCA,Pan,450,15,0,100,0.5,1,3.2,18650
SNL_18650_NCA_15C_0-100_0.5-1C_b,snl,918,graphite,NCA,Pan,500,15,0,100,0.5,1,3.2,18650
SNL_18650_NCA_15C_0-100_0.5-2C_a,snl,916,graphite,NCA,Pan,50,15,0,100,0.5,2,3.2,18650
SNL_18650_NCA_15C_0-100_0.5-2C_a,snl,916,graphite,NCA,Pan,100,15,0,100,0.5,2,3.2,18650
SNL_18650_NCA_15C_0-100_0.5-2C_a,snl,916,graphite,NCA,Pan,150,15,0,100,0.5,2,3.2,18650
SNL_18650_NCA_15C_0-100_0.5-2C_a,snl,916,graphite,NCA,Pan,200,15,0,100,0.5,2,3.2,18650
SNL_18650_NCA_15C_0-100_0.5-2C_a,snl,916,graphite,NCA,Pan,250,15,0,100,0.5,2,3.2,18650
SNL_18650_NCA_15C_0-100_0.5-2C_a,snl,916,graphite,NCA,Pan,300,15,0,100,0.5,2,3.2,18650
SNL_18650_NCA_15C_0-100_0.5-2C_a,snl,916,graphite,NCA,Pan,350,15,0,100,0.5,2,3.2,18650
SNL_18650_NCA_15C_0-100_0.5-2C_a,snl,916,graphite,NCA,Pan,400,15,0,100,0.5,2,3.2,18650
SNL_18650_NCA_15C_0-100_0.5-2C_a,snl,916,graphite,NCA,Pan,450,15,0,100,0.5,2,3.2,18650
SNL_18650_NCA_15C_0-100_0.5-2C_a,snl,916,graphite,NCA,Pan,500,15,0,100,0.5,2,3.2,18650
SNL_18650_NCA_15C_0-100_0.5-2C_b,snl,784,graphite,NCA,Pan,50,15,0,100,0.5,2,3.2,18650
SNL_18650_NCA_15C_0-100_0.5-2C_b,snl,784,graphite,NCA,Pan,100,15,0,100,0.5,2,3.2,18650
SNL_18650_NCA_15C_0-100_0.5-2C_b,snl,784,graphite,NCA,Pan,150,15,0,100,0.5,2,3.2,18650
SNL_18650_NCA_15C_0-100_0.5-2C_b,snl,784,graphite,NCA,Pan,200,15,0,100,0.5,2,3.2,18650
SNL_18650_NCA_15C_0-100_0.5-2C_b,snl,784,graphite,NCA,Pan,250,15,0,100,0.5,2,3.2,18650
SNL_18650_NCA_15C_0-100_0.5-2C_b,snl,784,graphite,NCA,Pan,300,15,0,100,0.5,2,3.2,18650
SNL_18650_NCA_15C_0-100_0.5-2C_b,snl,784,graphite,NCA,Pan,350,15,0,100,0.5,2,3.2,18650
SNL_18650_NCA_15C_0-100_0.5-2C_b,snl,784,graphite,NCA,Pan,400,15,0,100,0.5,2,3.2,18650
SNL_18650_NCA_15C_0-100_0.5-2C_b,snl,784,graphite,NCA,Pan,450,15,0,100,0.5,2,3.2,18650
SNL_18650_NCA_15C_0-100_0.5-2C_b,snl,784,graphite,NCA,Pan,500,15,0,100,0.5,2,3.2,18650
SNL_18650_NCA_25C_0-100_0.5-0.5C_a,snl,513,graphite,NCA,Pan,50,25,0,100,0.5,0.5,3.2,18650
SNL_18650_NCA_25C_0-100_0.5-0.5C_a,snl,513,graphite,NCA,Pan,100,25,0,100,0.5,0.5,3.2,18650
SNL_18650_NCA_25C_0-100_0.5-0.5C_a,snl,513,graphite,NCA,Pan,150,25,0,100,0.5,0.5,3.2,18650
SNL_18650_NCA_25C_0-100_0.5-0.5C_a,snl,513,graphite,NCA,Pan,200,25,0,100,0.5,0.5,3.2,18650
SNL_18650_NCA_25C_0-100_0.5-0.5C_a,snl,513,graphite,NCA,Pan,250,25,0,100,0.5,0.5,3.2,18650
SNL_18650_NCA_25C_0-100_0.5-0.5C_a,snl,513,graphite,NCA,Pan,300,25,0,100,0.5,0.5,3.2,18650
SNL_18650_NCA_25C_0-100_0.5-0.5C_a,snl,513,graphite,NCA,Pan,350,25,0,100,0.5,0.5,3.2,18650
SNL_18650_NCA_25C_0-100_0.5-0.5C_a,snl,513,graphite,NCA,Pan,400,25,0,100,0.5,0.5,3.2,18650
SNL_18650_NCA_25C_0-100_0.5-0.5C_a,snl,513,graphite,NCA,Pan,450,25,0,100,0.5,0.5,3.2,18650
SNL_18650_NCA_25C_0-100_0.5-0.5C_a,snl,513,graphite,NCA,Pan,500,25,0,100,0.5,0.5,3.2,18650
SNL_18650_NCA_25C_0-100_0.5-0.5C_b,snl,916,graphite,NCA,Pan,50,25,0,100,0.5,0.5,3.2,18650
SNL_18650_NCA_25C_0-100_0.5-0.5C_b,snl,916,graphite,NCA,Pan,100,25,0,100,0.5,0.5,3.2,18650
SNL_18650_NCA_25C_0-100_0.5-0.5C_b,snl,916,graphite,NCA,Pan,150,25,0,100,0.5,0.5,3.2,18650
SNL_18650_NCA_25C_0-100_0.5-0.5C_b,snl,916,graphite,NCA,Pan,200,25,0,100,0.5,0.5,3.2,18650
SNL_18650_NCA_25C_0-100_0.5-0.5C_b,snl,916,graphite,NCA,Pan,250,25,0,100,0.5,0.5,3.2,18650
SNL_18650_NCA_25C_0-100_0.5-0.5C_b,snl,916,graphite,NCA,Pan,300,25,0,100,0.5,0.5,3.2,18650
SNL_18650_NCA_25C_0-100_0.5-0.5C_b,snl,916,graphite,NCA,Pan,350,25,0,100,0.5,0.5,3.2,18650
SNL_18650_NCA_25C_0-100_0.5-0.5C_b,snl,916,graphite,NCA,Pan,400,25,0,100,0.5,0.5,3.2,18650
SNL_18650_NCA_25C_0-100_0.5-0.5C_b,snl,916,graphite,NCA,Pan,450,25,0,100,0.5,0.5,3.2,18650
SNL_18650_NCA_25C_0-100_0.5-0.5C_b,snl,916,graphite,NCA,Pan,500,25,0,100,0.5,0.5,3.2,18650
SNL_18650_NCA_25C_0-100_0.5-1C_a,snl,654,graphite,NCA,Pan,50,25,0,100,0.5,1,3.2,18650
SNL_18650_NCA_25C_0-100_0.5-1C_a,snl,654,graphite,NCA,Pan,100,25,0,100,0.5,1,3.2,18650
SNL_18650_NCA_25C_0-100_0.5-1C_a,snl,654,graphite,NCA,Pan,150,25,0,100,0.5,1,3.2,18650
SNL_18650_NCA_25C_0-100_0.5-1C_a,snl,654,graphite,NCA,Pan,200,25,0,100,0.5,1,3.2,18650
SNL_18650_NCA_25C_0-100_0.5-1C_a,snl,654,graphite,NCA,Pan,250,25,0,100,0.5,1,3.2,18650
SNL_18650_NCA_25C_0-100_0.5-1C_a,snl,654,graphite,NCA,Pan,300,25,0,100,0.5,1,3.2,18650
SNL_18650_NCA_25C_0-100_0.5-1C_a,snl,654,graphite,NCA,Pan,350,25,0,100,0.5,1,3.2,18650
SNL_18650_NCA_25C_0-100_0.5-1C_a,snl,654,graphite,NCA,Pan,400,25,0,100,0.5,1,3.2,18650
SNL_18650_NCA_25C_0-100_0.5-1C_a,snl,654,graphite,NCA,Pan,450,25,0,100,0.5,1,3.2,18650
SNL_18650_NCA_25C_0-100_0.5-1C_a,snl,654,graphite,NCA,Pan,500,25,0,100,0.5,1,3.2,18650
SNL_18650_NCA_25C_0-100_0.5-1C_b,snl,522,graphite,NCA,Pan,50,25,0,100,0.5,1,3.2,18650
SNL_18650_NCA_25C_0-100_0.5-1C_b,snl,522,graphite,NCA,Pan,100,25,0,100,0.5,1,3.2,18650
SNL_18650_NCA_25C_0-100_0.5-1C_b,snl,522,graphite,NCA,Pan,150,25,0,100,0.5,1,3.2,18650
SNL_18650_NCA_25C_0-100_0.5-1C_b,snl,522,graphite,NCA,Pan,200,25,0,100,0.5,1,3.2,18650
SNL_18650_NCA_25C_0-100_0.5-1C_b,snl,522,graphite,NCA,Pan,250,25,0,100,0.5,1,3.2,18650
SNL_18650_NCA_25C_0-100_0.5-1C_b,snl,522,graphite,NCA,Pan,300,25,0,100,0.5,1,3.2,18650
SNL_18650_NCA_25C_0-100_0.5-1C_b,snl,522,graphite,NCA,Pan,350,25,0,100,0.5,1,3.2,18650
SNL_18650_NCA_25C_0-100_0.5-1C_b,snl,522,graphite,NCA,Pan,400,25,0,100,0.5,1,3.2,18650
SNL_18650_NCA_25C_0-100_0.5-1C_b,snl,522,graphite,NCA,Pan,450,25,0,100,0.5,1,3.2,18650
SNL_18650_NCA_25C_0-100_0.5-1C_b,snl,522,graphite,NCA,Pan,500,25,0,100,0.5,1,3.2,18650
SNL_18650_NCA_25C_0-100_0.5-1C_c,snl,522,graphite,NCA,Pan,50,25,0,100,0.5,1,3.2,18650
SNL_18650_NCA_25C_0-100_0.5-1C_c,snl,522,graphite,NCA,Pan,100,25,0,100,0.5,1,3.2,18650
SNL_18650_NCA_25C_0-100_0.5-1C_c,snl,522,graphite,NCA,Pan,150,25,0,100,0.5,1,3.2,18650
SNL_18650_NCA_25C_0-100_0.5-1C_c,snl,522,graphite,NCA,Pan,200,25,0,100,0.5,1,3.2,18650
SNL_18650_NCA_25C_0-100_0.5-1C_c,snl,522,graphite,NCA,Pan,250,25,0,100,0.5,1,3.2,18650
SNL_18650_NCA_25C_0-100_0.5-1C_c,snl,522,graphite,NCA,Pan,300,25,0,100,0.5,1,3.2,18650
SNL_18650_NCA_25C_0-100_0.5-1C_c,snl,522,graphite,NCA,Pan,350,25,0,100,0.5,1,3.2,18650
SNL_18650_NCA_25C_0-100_0.5-1C_c,snl,522,graphite,NCA,Pan,400,25,0,100,0.5,1,3.2,18650
SNL_18650_NCA_25C_0-100_0.5-1C_c,snl,522,graphite,NCA,Pan,450,25,0,100,0.5,1,3.2,18650
SNL_18650_NCA_25C_0-100_0.5-1C_c,snl,522,graphite,NCA,Pan,500,25,0,100,0.5,1,3.2,18650
SNL_18650_NCA_25C_0-100_0.5-1C_d,snl,654,graphite,NCA,Pan,50,25,0,100,0.5,1,3.2,18650
SNL_18650_NCA_25C_0-100_0.5-1C_d,snl,654,graphite,NCA,Pan,100,25,0,100,0.5,1,3.2,18650
SNL_18650_NCA_25C_0-100_0.5-1C_d,snl,654,graphite,NCA,Pan,150,25,0,100,0.5,1,3.2,18650
SNL_18650_NCA_25C_0-100_0.5-1C_d,snl,654,graphite,NCA,Pan,200,25,0,100,0.5,1,3.2,18650
SNL_18650_NCA_25C_0-100_0.5-1C_d,snl,654,graphite,NCA,Pan,250,25,0,100,0.5,1,3.2,18650
SNL_18650_NCA_25C_0-100_0.5-1C_d,snl,654,graphite,NCA,Pan,300,25,0,100,0.5,1,3.2,18650
SNL_18650_NCA_25C_0-100_0.5-1C_d,snl,654,graphite,NCA,Pan,350,25,0,100,0.5,1,3.2,18650
SNL_18650_NCA_25C_0-100_0.5-1C_d,snl,654,graphite,NCA,Pan,400,25,0,100,0.5,1,3.2,18650
SNL_18650_NCA_25C_0-100_0.5-1C_d,snl,654,graphite,NCA,Pan,450,25,0,100,0.5,1,3.2,18650
SNL_18650_NCA_25C_0-100_0.5-1C_d,snl,654,graphite,NCA,Pan,500,25,0,100,0.5,1,3.2,18650
SNL_18650_NCA_25C_0-100_0.5-2C_a,snl,786,graphite,NCA,Pan,50,25,0,100,0.5,2,3.2,18650
SNL_18650_NCA_25C_0-100_0.5-2C_a,snl,786,graphite,NCA,Pan,100,25,0,100,0.5,2,3.2,18650
SNL_18650_NCA_25C_0-100_0.5-2C_a,snl,786,graphite,NCA,Pan,150,25,0,100,0.5,2,3.2,18650
SNL_18650_NCA_25C_0-100_0.5-2C_a,snl,786,graphite,NCA,Pan,200,25,0,100,0.5,2,3.2,18650
SNL_18650_NCA_25C_0-100_0.5-2C_a,snl,786,graphite,NCA,Pan,250,25,0,100,0.5,2,3.2,18650
SNL_18650_NCA_25C_0-100_0.5-2C_a,snl,786,graphite,NCA,Pan,300,25,0,100,0.5,2,3.2,18650
SNL_18650_NCA_25C_0-100_0.5-2C_a,snl,786,graphite,NCA,Pan,350,25,0,100,0.5,2,3.2,18650
SNL_18650_NCA_25C_0-100_0.5-2C_a,snl,786,graphite,NCA,Pan,400,25,0,100,0.5,2,3.2,18650
SNL_18650_NCA_25C_0-100_0.5-2C_a,snl,786,graphite,NCA,Pan,450,25,0,100,0.5,2,3.2,18650
SNL_18650_NCA_25C_0-100_0.5-2C_a,snl,786,graphite,NCA,Pan,500,25,0,100,0.5,2,3.2,18650
SNL_18650_NCA_25C_0-100_0.5-2C_b,snl,786,graphite,NCA,Pan,50,25,0,100,0.5,2,3.2,18650
SNL_18650_NCA_25C_0-100_0.5-2C_b,snl,786,graphite,NCA,Pan,100,25,0,100,0.5,2,3.2,18650
SNL_18650_NCA_25C_0-100_0.5-2C_b,snl,786,graphite,NCA,Pan,150,25,0,100,0.5,2,3.2,18650
SNL_18650_NCA_25C_0-100_0.5-2C_b,snl,786,graphite,NCA,Pan,200,25,0,100,0.5,2,3.2,18650
SNL_18650_NCA_25C_0-100_0.5-2C_b,snl,786,graphite,NCA,Pan,250,25,0,100,0.5,2,3.2,18650
SNL_18650_NCA_25C_0-100_0.5-2C_b,snl,786,graphite,NCA,Pan,300,25,0,100,0.5,2,3.2,18650
SNL_18650_NCA_25C_0-100_0.5-2C_b,snl,786,graphite,NCA,Pan,350,25,0,100,0.5,2,3.2,18650
SNL_18650_NCA_25C_0-100_0.5-2C_b,snl,786,graphite,NCA,Pan,400,25,0,100,0.5,2,3.2,18650
SNL_18650_NCA_25C_0-100_0.5-2C_b,snl,786,graphite,NCA,Pan,450,25,0,100,0.5,2,3.2,18650
SNL_18650_NCA_25C_0-100_0.5-2C_b,snl,786,graphite,NCA,Pan,500,25,0,100,0.5,2,3.2,18650
SNL_18650_NCA_25C_20-80_0.5-0.5C_a,snl,"1,160.00",graphite,NCA,Pan,50,25,20,80,0.5,0.5,3.2,18650
SNL_18650_NCA_25C_20-80_0.5-0.5C_a,snl,"1,160.00",graphite,NCA,Pan,100,25,20,80,0.5,0.5,3.2,18650
SNL_18650_NCA_25C_20-80_0.5-0.5C_a,snl,"1,160.00",graphite,NCA,Pan,150,25,20,80,0.5,0.5,3.2,18650
SNL_18650_NCA_25C_20-80_0.5-0.5C_a,snl,"1,160.00",graphite,NCA,Pan,200,25,20,80,0.5,0.5,3.2,18650
SNL_18650_NCA_25C_20-80_0.5-0.5C_a,snl,"1,160.00",graphite,NCA,Pan,250,25,20,80,0.5,0.5,3.2,18650
SNL_18650_NCA_25C_20-80_0.5-0.5C_a,snl,"1,160.00",graphite,NCA,Pan,300,25,20,80,0.5,0.5,3.2,18650
SNL_18650_NCA_25C_20-80_0.5-0.5C_a,snl,"1,160.00",graphite,NCA,Pan,350,25,20,80,0.5,0.5,3.2,18650
SNL_18650_NCA_25C_20-80_0.5-0.5C_a,snl,"1,160.00",graphite,NCA,Pan,400,25,20,80,0.5,0.5,3.2,18650
SNL_18650_NCA_25C_20-80_0.5-0.5C_a,snl,"1,160.00",graphite,NCA,Pan,450,25,20,80,0.5,0.5,3.2,18650
SNL_18650_NCA_25C_20-80_0.5-0.5C_a,snl,"1,160.00",graphite,NCA,Pan,500,25,20,80,0.5,0.5,3.2,18650
SNL_18650_NCA_25C_20-80_0.5-0.5C_b,snl,"1,294.00",graphite,NCA,Pan,50,25,20,80,0.5,0.5,3.2,18650
SNL_18650_NCA_25C_20-80_0.5-0.5C_b,snl,"1,294.00",graphite,NCA,Pan,100,25,20,80,0.5,0.5,3.2,18650
SNL_18650_NCA_25C_20-80_0.5-0.5C_b,snl,"1,294.00",graphite,NCA,Pan,150,25,20,80,0.5,0.5,3.2,18650
SNL_18650_NCA_25C_20-80_0.5-0.5C_b,snl,"1,294.00",graphite,NCA,Pan,200,25,20,80,0.5,0.5,3.2,18650
SNL_18650_NCA_25C_20-80_0.5-0.5C_b,snl,"1,294.00",graphite,NCA,Pan,250,25,20,80,0.5,0.5,3.2,18650
SNL_18650_NCA_25C_20-80_0.5-0.5C_b,snl,"1,294.00",graphite,NCA,Pan,300,25,20,80,0.5,0.5,3.2,18650
SNL_18650_NCA_25C_20-80_0.5-0.5C_b,snl,"1,294.00",graphite,NCA,Pan,350,25,20,80,0.5,0.5,3.2,18650
SNL_18650_NCA_25C_20-80_0.5-0.5C_b,snl,"1,294.00",graphite,NCA,Pan,400,25,20,80,0.5,0.5,3.2,18650
SNL_18650_NCA_25C_20-80_0.5-0.5C_b,snl,"1,294.00",graphite,NCA,Pan,450,25,20,80,0.5,0.5,3.2,18650
SNL_18650_NCA_25C_20-80_0.5-0.5C_b,snl,"1,294.00",graphite,NCA,Pan,500,25,20,80,0.5,0.5,3.2,18650
SNL_18650_NCA_25C_20-80_0.5-0.5C_c,snl,"1,292.00",graphite,NCA,Pan,50,25,20,80,0.5,0.5,3.2,18650
SNL_18650_NCA_25C_20-80_0.5-0.5C_c,snl,"1,292.00",graphite,NCA,Pan,100,25,20,80,0.5,0.5,3.2,18650
SNL_18650_NCA_25C_20-80_0.5-0.5C_c,snl,"1,292.00",graphite,NCA,Pan,150,25,20,80,0.5,0.5,3.2,18650
SNL_18650_NCA_25C_20-80_0.5-0.5C_c,snl,"1,292.00",graphite,NCA,Pan,200,25,20,80,0.5,0.5,3.2,18650
SNL_18650_NCA_25C_20-80_0.5-0.5C_c,snl,"1,292.00",graphite,NCA,Pan,250,25,20,80,0.5,0.5,3.2,18650
SNL_18650_NCA_25C_20-80_0.5-0.5C_c,snl,"1,292.00",graphite,NCA,Pan,300,25,20,80,0.5,0.5,3.2,18650
SNL_18650_NCA_25C_20-80_0.5-0.5C_c,snl,"1,292.00",graphite,NCA,Pan,350,25,20,80,0.5,0.5,3.2,18650
SNL_18650_NCA_25C_20-80_0.5-0.5C_c,snl,"1,292.00",graphite,NCA,Pan,400,25,20,80,0.5,0.5,3.2,18650
SNL_18650_NCA_25C_20-80_0.5-0.5C_c,snl,"1,292.00",graphite,NCA,Pan,450,25,20,80,0.5,0.5,3.2,18650
SNL_18650_NCA_25C_20-80_0.5-0.5C_c,snl,"1,292.00",graphite,NCA,Pan,500,25,20,80,0.5,0.5,3.2,18650
SNL_18650_NCA_25C_20-80_0.5-0.5C_d,snl,"1,529.00",graphite,NCA,Pan,50,25,20,80,0.5,0.5,3.2,18650
SNL_18650_NCA_25C_20-80_0.5-0.5C_d,snl,"1,529.00",graphite,NCA,Pan,100,25,20,80,0.5,0.5,3.2,18650
SNL_18650_NCA_25C_20-80_0.5-0.5C_d,snl,"1,529.00",graphite,NCA,Pan,150,25,20,80,0.5,0.5,3.2,18650
SNL_18650_NCA_25C_20-80_0.5-0.5C_d,snl,"1,529.00",graphite,NCA,Pan,200,25,20,80,0.5,0.5,3.2,18650
SNL_18650_NCA_25C_20-80_0.5-0.5C_d,snl,"1,529.00",graphite,NCA,Pan,250,25,20,80,0.5,0.5,3.2,18650
SNL_18650_NCA_25C_20-80_0.5-0.5C_d,snl,"1,529.00",graphite,NCA,Pan,300,25,20,80,0.5,0.5,3.2,18650
SNL_18650_NCA_25C_20-80_0.5-0.5C_d,snl,"1,529.00",graphite,NCA,Pan,350,25,20,80,0.5,0.5,3.2,18650
SNL_18650_NCA_25C_20-80_0.5-0.5C_d,snl,"1,529.00",graphite,NCA,Pan,400,25,20,80,0.5,0.5,3.2,18650
SNL_18650_NCA_25C_20-80_0.5-0.5C_d,snl,"1,529.00",graphite,NCA,Pan,450,25,20,80,0.5,0.5,3.2,18650
SNL_18650_NCA_25C_20-80_0.5-0.5C_d,snl,"1,529.00",graphite,NCA,Pan,500,25,20,80,0.5,0.5,3.2,18650
SNL_18650_NCA_25C_40-60_0.5-0.5C_a,snl,"7,878.00",graphite,NCA,Pan,50,25,40,60,0.5,0.5,3.2,18650
SNL_18650_NCA_25C_40-60_0.5-0.5C_a,snl,"7,878.00",graphite,NCA,Pan,100,25,40,60,0.5,0.5,3.2,18650
SNL_18650_NCA_25C_40-60_0.5-0.5C_a,snl,"7,878.00",graphite,NCA,Pan,150,25,40,60,0.5,0.5,3.2,18650
SNL_18650_NCA_25C_40-60_0.5-0.5C_a,snl,"7,878.00",graphite,NCA,Pan,200,25,40,60,0.5,0.5,3.2,18650
SNL_18650_NCA_25C_40-60_0.5-0.5C_a,snl,"7,878.00",graphite,NCA,Pan,250,25,40,60,0.5,0.5,3.2,18650
SNL_18650_NCA_25C_40-60_0.5-0.5C_a,snl,"7,878.00",graphite,NCA,Pan,300,25,40,60,0.5,0.5,3.2,18650
SNL_18650_NCA_25C_40-60_0.5-0.5C_a,snl,"7,878.00",graphite,NCA,Pan,350,25,40,60,0.5,0.5,3.2,18650
SNL_18650_NCA_25C_40-60_0.5-0.5C_a,snl,"7,878.00",graphite,NCA,Pan,400,25,40,60,0.5,0.5,3.2,18650
SNL_18650_NCA_25C_40-60_0.5-0.5C_a,snl,"7,878.00",graphite,NCA,Pan,450,25,40,60,0.5,0.5,3.2,18650
SNL_18650_NCA_25C_40-60_0.5-0.5C_a,snl,"7,878.00",graphite,NCA,Pan,500,25,40,60,0.5,0.5,3.2,18650
SNL_18650_NCA_25C_40-60_0.5-0.5C_b,snl,"6,080.00",graphite,NCA,Pan,50,25,40,60,0.5,0.5,3.2,18650
SNL_18650_NCA_25C_40-60_0.5-0.5C_b,snl,"6,080.00",graphite,NCA,Pan,100,25,40,60,0.5,0.5,3.2,18650
SNL_18650_NCA_25C_40-60_0.5-0.5C_b,snl,"6,080.00",graphite,NCA,Pan,150,25,40,60,0.5,0.5,3.2,18650
SNL_18650_NCA_25C_40-60_0.5-0.5C_b,snl,"6,080.00",graphite,NCA,Pan,200,25,40,60,0.5,0.5,3.2,18650
SNL_18650_NCA_25C_40-60_0.5-0.5C_b,snl,"6,080.00",graphite,NCA,Pan,250,25,40,60,0.5,0.5,3.2,18650
SNL_18650_NCA_25C_40-60_0.5-0.5C_b,snl,"6,080.00",graphite,NCA,Pan,300,25,40,60,0.5,0.5,3.2,18650
SNL_18650_NCA_25C_40-60_0.5-0.5C_b,snl,"6,080.00",graphite,NCA,Pan,350,25,40,60,0.5,0.5,3.2,18650
SNL_18650_NCA_25C_40-60_0.5-0.5C_b,snl,"6,080.00",graphite,NCA,Pan,400,25,40,60,0.5,0.5,3.2,18650
SNL_18650_NCA_25C_40-60_0.5-0.5C_b,snl,"6,080.00",graphite,NCA,Pan,450,25,40,60,0.5,0.5,3.2,18650
SNL_18650_NCA_25C_40-60_0.5-0.5C_b,snl,"6,080.00",graphite,NCA,Pan,500,25,40,60,0.5,0.5,3.2,18650
SNL_18650_NCA_35C_0-100_0.5-1C_a,snl,515,graphite,NCA,Pan,50,35,0,100,0.5,1,3.2,18650
SNL_18650_NCA_35C_0-100_0.5-1C_a,snl,515,graphite,NCA,Pan,100,35,0,100,0.5,1,3.2,18650
SNL_18650_NCA_35C_0-100_0.5-1C_a,snl,515,graphite,NCA,Pan,150,35,0,100,0.5,1,3.2,18650
SNL_18650_NCA_35C_0-100_0.5-1C_a,snl,515,graphite,NCA,Pan,200,35,0,100,0.5,1,3.2,18650
SNL_18650_NCA_35C_0-100_0.5-1C_a,snl,515,graphite,NCA,Pan,250,35,0,100,0.5,1,3.2,18650
SNL_18650_NCA_35C_0-100_0.5-1C_a,snl,515,graphite,NCA,Pan,300,35,0,100,0.5,1,3.2,18650
SNL_18650_NCA_35C_0-100_0.5-1C_a,snl,515,graphite,NCA,Pan,350,35,0,100,0.5,1,3.2,18650
SNL_18650_NCA_35C_0-100_0.5-1C_a,snl,515,graphite,NCA,Pan,400,35,0,100,0.5,1,3.2,18650
SNL_18650_NCA_35C_0-100_0.5-1C_a,snl,515,graphite,NCA,Pan,450,35,0,100,0.5,1,3.2,18650
SNL_18650_NCA_35C_0-100_0.5-1C_a,snl,515,graphite,NCA,Pan,500,35,0,100,0.5,1,3.2,18650
SNL_18650_NCA_35C_0-100_0.5-1C_c,snl,515,graphite,NCA,Pan,50,35,0,100,0.5,1,3.2,18650
SNL_18650_NCA_35C_0-100_0.5-1C_c,snl,515,graphite,NCA,Pan,100,35,0,100,0.5,1,3.2,18650
SNL_18650_NCA_35C_0-100_0.5-1C_c,snl,515,graphite,NCA,Pan,150,35,0,100,0.5,1,3.2,18650
SNL_18650_NCA_35C_0-100_0.5-1C_c,snl,515,graphite,NCA,Pan,200,35,0,100,0.5,1,3.2,18650
SNL_18650_NCA_35C_0-100_0.5-1C_c,snl,515,graphite,NCA,Pan,250,35,0,100,0.5,1,3.2,18650
SNL_18650_NCA_35C_0-100_0.5-1C_c,snl,515,graphite,NCA,Pan,300,35,0,100,0.5,1,3.2,18650
SNL_18650_NCA_35C_0-100_0.5-1C_c,snl,515,graphite,NCA,Pan,350,35,0,100,0.5,1,3.2,18650
SNL_18650_NCA_35C_0-100_0.5-1C_c,snl,515,graphite,NCA,Pan,400,35,0,100,0.5,1,3.2,18650
SNL_18650_NCA_35C_0-100_0.5-1C_c,snl,515,graphite,NCA,Pan,450,35,0,100,0.5,1,3.2,18650
SNL_18650_NCA_35C_0-100_0.5-1C_c,snl,515,graphite,NCA,Pan,500,35,0,100,0.5,1,3.2,18650
SNL_18650_NCA_35C_0-100_0.5-1C_d,snl,654,graphite,NCA,Pan,50,35,0,100,0.5,1,3.2,18650
SNL_18650_NCA_35C_0-100_0.5-1C_d,snl,654,graphite,NCA,Pan,100,35,0,100,0.5,1,3.2,18650
SNL_18650_NCA_35C_0-100_0.5-1C_d,snl,654,graphite,NCA,Pan,150,35,0,100,0.5,1,3.2,18650
SNL_18650_NCA_35C_0-100_0.5-1C_d,snl,654,graphite,NCA,Pan,200,35,0,100,0.5,1,3.2,18650
SNL_18650_NCA_35C_0-100_0.5-1C_d,snl,654,graphite,NCA,Pan,250,35,0,100,0.5,1,3.2,18650
SNL_18650_NCA_35C_0-100_0.5-1C_d,snl,654,graphite,NCA,Pan,300,35,0,100,0.5,1,3.2,18650
SNL_18650_NCA_35C_0-100_0.5-1C_d,snl,654,graphite,NCA,Pan,350,35,0,100,0.5,1,3.2,18650
SNL_18650_NCA_35C_0-100_0.5-1C_d,snl,654,graphite,NCA,Pan,400,35,0,100,0.5,1,3.2,18650
SNL_18650_NCA_35C_0-100_0.5-1C_d,snl,654,graphite,NCA,Pan,450,35,0,100,0.5,1,3.2,18650
SNL_18650_NCA_35C_0-100_0.5-1C_d,snl,654,graphite,NCA,Pan,500,35,0,100,0.5,1,3.2,18650
SNL_18650_NCA_35C_0-100_0.5-2C_a,snl,654,graphite,NCA,Pan,50,35,0,100,0.5,2,3.2,18650
SNL_18650_NCA_35C_0-100_0.5-2C_a,snl,654,graphite,NCA,Pan,100,35,0,100,0.5,2,3.2,18650
SNL_18650_NCA_35C_0-100_0.5-2C_a,snl,654,graphite,NCA,Pan,150,35,0,100,0.5,2,3.2,18650
SNL_18650_NCA_35C_0-100_0.5-2C_a,snl,654,graphite,NCA,Pan,200,35,0,100,0.5,2,3.2,18650
SNL_18650_NCA_35C_0-100_0.5-2C_a,snl,654,graphite,NCA,Pan,250,35,0,100,0.5,2,3.2,18650
SNL_18650_NCA_35C_0-100_0.5-2C_a,snl,654,graphite,NCA,Pan,300,35,0,100,0.5,2,3.2,18650
SNL_18650_NCA_35C_0-100_0.5-2C_a,snl,654,graphite,NCA,Pan,350,35,0,100,0.5,2,3.2,18650
SNL_18650_NCA_35C_0-100_0.5-2C_a,snl,654,graphite,NCA,Pan,400,35,0,100,0.5,2,3.2,18650
SNL_18650_NCA_35C_0-100_0.5-2C_a,snl,654,graphite,NCA,Pan,450,35,0,100,0.5,2,3.2,18650
SNL_18650_NCA_35C_0-100_0.5-2C_a,snl,654,graphite,NCA,Pan,500,35,0,100,0.5,2,3.2,18650
SNL_18650_NCA_35C_0-100_0.5-2C_b,snl,786,graphite,NCA,Pan,50,35,0,100,0.5,2,3.2,18650
SNL_18650_NCA_35C_0-100_0.5-2C_b,snl,786,graphite,NCA,Pan,100,35,0,100,0.5,2,3.2,18650
SNL_18650_NCA_35C_0-100_0.5-2C_b,snl,786,graphite,NCA,Pan,150,35,0,100,0.5,2,3.2,18650
SNL_18650_NCA_35C_0-100_0.5-2C_b,snl,786,graphite,NCA,Pan,200,35,0,100,0.5,2,3.2,18650
SNL_18650_NCA_35C_0-100_0.5-2C_b,snl,786,graphite,NCA,Pan,250,35,0,100,0.5,2,3.2,18650
SNL_18650_NCA_35C_0-100_0.5-2C_b,snl,786,graphite,NCA,Pan,300,35,0,100,0.5,2,3.2,18650
SNL_18650_NCA_35C_0-100_0.5-2C_b,snl,786,graphite,NCA,Pan,350,35,0,100,0.5,2,3.2,18650
SNL_18650_NCA_35C_0-100_0.5-2C_b,snl,786,graphite,NCA,Pan,400,35,0,100,0.5,2,3.2,18650
SNL_18650_NCA_35C_0-100_0.5-2C_b,snl,786,graphite,NCA,Pan,450,35,0,100,0.5,2,3.2,18650
SNL_18650_NCA_35C_0-100_0.5-2C_b,snl,786,graphite,NCA,Pan,500,35,0,100,0.5,2,3.2,18650
SNL_18650_NMC_15C_0-100_0.5-1C_a,snl,513,graphite,NMC,LGC,50,15,0,100,0.5,1,3,18650
SNL_18650_NMC_15C_0-100_0.5-1C_a,snl,513,graphite,NMC,LGC,100,15,0,100,0.5,1,3,18650
SNL_18650_NMC_15C_0-100_0.5-1C_a,snl,513,graphite,NMC,LGC,150,15,0,100,0.5,1,3,18650
SNL_18650_NMC_15C_0-100_0.5-1C_a,snl,513,graphite,NMC,LGC,200,15,0,100,0.5,1,3,18650
SNL_18650_NMC_15C_0-100_0.5-1C_a,snl,513,graphite,NMC,LGC,250,15,0,100,0.5,1,3,18650
SNL_18650_NMC_15C_0-100_0.5-1C_a,snl,513,graphite,NMC,LGC,300,15,0,100,0.5,1,3,18650
SNL_18650_NMC_15C_0-100_0.5-1C_a,snl,513,graphite,NMC,LGC,350,15,0,100,0.5,1,3,18650
SNL_18650_NMC_15C_0-100_0.5-1C_a,snl,513,graphite,NMC,LGC,400,15,0,100,0.5,1,3,18650
SNL_18650_NMC_15C_0-100_0.5-1C_a,snl,513,graphite,NMC,LGC,450,15,0,100,0.5,1,3,18650
SNL_18650_NMC_15C_0-100_0.5-1C_a,snl,513,graphite,NMC,LGC,500,15,0,100,0.5,1,3,18650
SNL_18650_NMC_15C_0-100_0.5-1C_b,snl,513,graphite,NMC,LGC,50,15,0,100,0.5,1,3,18650
SNL_18650_NMC_15C_0-100_0.5-1C_b,snl,513,graphite,NMC,LGC,100,15,0,100,0.5,1,3,18650
SNL_18650_NMC_15C_0-100_0.5-1C_b,snl,513,graphite,NMC,LGC,150,15,0,100,0.5,1,3,18650
SNL_18650_NMC_15C_0-100_0.5-1C_b,snl,513,graphite,NMC,LGC,200,15,0,100,0.5,1,3,18650
SNL_18650_NMC_15C_0-100_0.5-1C_b,snl,513,graphite,NMC,LGC,250,15,0,100,0.5,1,3,18650
SNL_18650_NMC_15C_0-100_0.5-1C_b,snl,513,graphite,NMC,LGC,300,15,0,100,0.5,1,3,18650
SNL_18650_NMC_15C_0-100_0.5-1C_b,snl,513,graphite,NMC,LGC,350,15,0,100,0.5,1,3,18650
SNL_18650_NMC_15C_0-100_0.5-1C_b,snl,513,graphite,NMC,LGC,400,15,0,100,0.5,1,3,18650
SNL_18650_NMC_15C_0-100_0.5-1C_b,snl,513,graphite,NMC,LGC,450,15,0,100,0.5,1,3,18650
SNL_18650_NMC_15C_0-100_0.5-1C_b,snl,513,graphite,NMC,LGC,500,15,0,100,0.5,1,3,18650
SNL_18650_NMC_25C_0-100_0.5-0.5C_a,snl,553,graphite,NMC,LGC,50,25,0,100,0.5,0.5,3,18650
SNL_18650_NMC_25C_0-100_0.5-0.5C_a,snl,553,graphite,NMC,LGC,100,25,0,100,0.5,0.5,3,18650
SNL_18650_NMC_25C_0-100_0.5-0.5C_a,snl,553,graphite,NMC,LGC,150,25,0,100,0.5,0.5,3,18650
SNL_18650_NMC_25C_0-100_0.5-0.5C_a,snl,553,graphite,NMC,LGC,200,25,0,100,0.5,0.5,3,18650
SNL_18650_NMC_25C_0-100_0.5-0.5C_a,snl,553,graphite,NMC,LGC,250,25,0,100,0.5,0.5,3,18650
SNL_18650_NMC_25C_0-100_0.5-0.5C_a,snl,553,graphite,NMC,LGC,300,25,0,100,0.5,0.5,3,18650
SNL_18650_NMC_25C_0-100_0.5-0.5C_a,snl,553,graphite,NMC,LGC,350,25,0,100,0.5,0.5,3,18650
SNL_18650_NMC_25C_0-100_0.5-0.5C_a,snl,553,graphite,NMC,LGC,400,25,0,100,0.5,0.5,3,18650
SNL_18650_NMC_25C_0-100_0.5-0.5C_a,snl,553,graphite,NMC,LGC,450,25,0,100,0.5,0.5,3,18650
SNL_18650_NMC_25C_0-100_0.5-0.5C_a,snl,553,graphite,NMC,LGC,500,25,0,100,0.5,0.5,3,18650
SNL_18650_NMC_25C_0-100_0.5-0.5C_b,snl,679,graphite,NMC,LGC,50,25,0,100,0.5,0.5,3,18650
SNL_18650_NMC_25C_0-100_0.5-0.5C_b,snl,679,graphite,NMC,LGC,100,25,0,100,0.5,0.5,3,18650
SNL_18650_NMC_25C_0-100_0.5-0.5C_b,snl,679,graphite,NMC,LGC,150,25,0,100,0.5,0.5,3,18650
SNL_18650_NMC_25C_0-100_0.5-0.5C_b,snl,679,graphite,NMC,LGC,200,25,0,100,0.5,0.5,3,18650
SNL_18650_NMC_25C_0-100_0.5-0.5C_b,snl,679,graphite,NMC,LGC,250,25,0,100,0.5,0.5,3,18650
SNL_18650_NMC_25C_0-100_0.5-0.5C_b,snl,679,graphite,NMC,LGC,300,25,0,100,0.5,0.5,3,18650
SNL_18650_NMC_25C_0-100_0.5-0.5C_b,snl,679,graphite,NMC,LGC,350,25,0,100,0.5,0.5,3,18650
SNL_18650_NMC_25C_0-100_0.5-0.5C_b,snl,679,graphite,NMC,LGC,400,25,0,100,0.5,0.5,3,18650
SNL_18650_NMC_25C_0-100_0.5-0.5C_b,snl,679,graphite,NMC,LGC,450,25,0,100,0.5,0.5,3,18650
SNL_18650_NMC_25C_0-100_0.5-0.5C_b,snl,679,graphite,NMC,LGC,500,25,0,100,0.5,0.5,3,18650
SNL_18650_NMC_25C_0-100_0.5-1C_a,snl,521,graphite,NMC,LGC,50,25,0,100,0.5,1,3,18650
SNL_18650_NMC_25C_0-100_0.5-1C_a,snl,521,graphite,NMC,LGC,100,25,0,100,0.5,1,3,18650
SNL_18650_NMC_25C_0-100_0.5-1C_a,snl,521,graphite,NMC,LGC,150,25,0,100,0.5,1,3,18650
SNL_18650_NMC_25C_0-100_0.5-1C_a,snl,521,graphite,NMC,LGC,200,25,0,100,0.5,1,3,18650
SNL_18650_NMC_25C_0-100_0.5-1C_a,snl,521,graphite,NMC,LGC,250,25,0,100,0.5,1,3,18650
SNL_18650_NMC_25C_0-100_0.5-1C_a,snl,521,graphite,NMC,LGC,300,25,0,100,0.5,1,3,18650
SNL_18650_NMC_25C_0-100_0.5-1C_a,snl,521,graphite,NMC,LGC,350,25,0,100,0.5,1,3,18650
SNL_18650_NMC_25C_0-100_0.5-1C_a,snl,521,graphite,NMC,LGC,400,25,0,100,0.5,1,3,18650
SNL_18650_NMC_25C_0-100_0.5-1C_a,snl,521,graphite,NMC,LGC,450,25,0,100,0.5,1,3,18650
SNL_18650_NMC_25C_0-100_0.5-1C_a,snl,521,graphite,NMC,LGC,500,25,0,100,0.5,1,3,18650
SNL_18650_NMC_25C_0-100_0.5-1C_b,snl,785,graphite,NMC,LGC,50,25,0,100,0.5,1,3,18650
SNL_18650_NMC_25C_0-100_0.5-1C_b,snl,785,graphite,NMC,LGC,100,25,0,100,0.5,1,3,18650
SNL_18650_NMC_25C_0-100_0.5-1C_b,snl,785,graphite,NMC,LGC,150,25,0,100,0.5,1,3,18650
SNL_18650_NMC_25C_0-100_0.5-1C_b,snl,785,graphite,NMC,LGC,200,25,0,100,0.5,1,3,18650
SNL_18650_NMC_25C_0-100_0.5-1C_b,snl,785,graphite,NMC,LGC,250,25,0,100,0.5,1,3,18650
SNL_18650_NMC_25C_0-100_0.5-1C_b,snl,785,graphite,NMC,LGC,300,25,0,100,0.5,1,3,18650
SNL_18650_NMC_25C_0-100_0.5-1C_b,snl,785,graphite,NMC,LGC,350,25,0,100,0.5,1,3,18650
SNL_18650_NMC_25C_0-100_0.5-1C_b,snl,785,graphite,NMC,LGC,400,25,0,100,0.5,1,3,18650
SNL_18650_NMC_25C_0-100_0.5-1C_b,snl,785,graphite,NMC,LGC,450,25,0,100,0.5,1,3,18650
SNL_18650_NMC_25C_0-100_0.5-1C_b,snl,785,graphite,NMC,LGC,500,25,0,100,0.5,1,3,18650
SNL_18650_NMC_25C_0-100_0.5-1C_d,snl,529,graphite,NMC,LGC,50,25,0,100,0.5,1,3,18650
SNL_18650_NMC_25C_0-100_0.5-1C_d,snl,529,graphite,NMC,LGC,100,25,0,100,0.5,1,3,18650
SNL_18650_NMC_25C_0-100_0.5-1C_d,snl,529,graphite,NMC,LGC,150,25,0,100,0.5,1,3,18650
SNL_18650_NMC_25C_0-100_0.5-1C_d,snl,529,graphite,NMC,LGC,200,25,0,100,0.5,1,3,18650
SNL_18650_NMC_25C_0-100_0.5-1C_d,snl,529,graphite,NMC,LGC,250,25,0,100,0.5,1,3,18650
SNL_18650_NMC_25C_0-100_0.5-1C_d,snl,529,graphite,NMC,LGC,300,25,0,100,0.5,1,3,18650
SNL_18650_NMC_25C_0-100_0.5-1C_d,snl,529,graphite,NMC,LGC,350,25,0,100,0.5,1,3,18650
SNL_18650_NMC_25C_0-100_0.5-1C_d,snl,529,graphite,NMC,LGC,400,25,0,100,0.5,1,3,18650
SNL_18650_NMC_25C_0-100_0.5-1C_d,snl,529,graphite,NMC,LGC,450,25,0,100,0.5,1,3,18650
SNL_18650_NMC_25C_0-100_0.5-1C_d,snl,529,graphite,NMC,LGC,500,25,0,100,0.5,1,3,18650
SNL_18650_NMC_25C_0-100_0.5-2C_a,snl,661,graphite,NMC,LGC,50,25,0,100,0.5,2,3,18650
SNL_18650_NMC_25C_0-100_0.5-2C_a,snl,661,graphite,NMC,LGC,100,25,0,100,0.5,2,3,18650
SNL_18650_NMC_25C_0-100_0.5-2C_a,snl,661,graphite,NMC,LGC,150,25,0,100,0.5,2,3,18650
SNL_18650_NMC_25C_0-100_0.5-2C_a,snl,661,graphite,NMC,LGC,200,25,0,100,0.5,2,3,18650
SNL_18650_NMC_25C_0-100_0.5-2C_a,snl,661,graphite,NMC,LGC,250,25,0,100,0.5,2,3,18650
SNL_18650_NMC_25C_0-100_0.5-2C_a,snl,661,graphite,NMC,LGC,300,25,0,100,0.5,2,3,18650
SNL_18650_NMC_25C_0-100_0.5-2C_a,snl,661,graphite,NMC,LGC,350,25,0,100,0.5,2,3,18650
SNL_18650_NMC_25C_0-100_0.5-2C_a,snl,661,graphite,NMC,LGC,400,25,0,100,0.5,2,3,18650
SNL_18650_NMC_25C_0-100_0.5-2C_a,snl,661,graphite,NMC,LGC,450,25,0,100,0.5,2,3,18650
SNL_18650_NMC_25C_0-100_0.5-2C_a,snl,661,graphite,NMC,LGC,500,25,0,100,0.5,2,3,18650
SNL_18650_NMC_25C_0-100_0.5-2C_b,snl,"1,321.00",graphite,NMC,LGC,50,25,0,100,0.5,2,3,18650
SNL_18650_NMC_25C_0-100_0.5-2C_b,snl,"1,321.00",graphite,NMC,LGC,100,25,0,100,0.5,2,3,18650
SNL_18650_NMC_25C_0-100_0.5-2C_b,snl,"1,321.00",graphite,NMC,LGC,150,25,0,100,0.5,2,3,18650
SNL_18650_NMC_25C_0-100_0.5-2C_b,snl,"1,321.00",graphite,NMC,LGC,200,25,0,100,0.5,2,3,18650
SNL_18650_NMC_25C_0-100_0.5-2C_b,snl,"1,321.00",graphite,NMC,LGC,250,25,0,100,0.5,2,3,18650
SNL_18650_NMC_25C_0-100_0.5-2C_b,snl,"1,321.00",graphite,NMC,LGC,300,25,0,100,0.5,2,3,18650
SNL_18650_NMC_25C_0-100_0.5-2C_b,snl,"1,321.00",graphite,NMC,LGC,350,25,0,100,0.5,2,3,18650
SNL_18650_NMC_25C_0-100_0.5-2C_b,snl,"1,321.00",graphite,NMC,LGC,400,25,0,100,0.5,2,3,18650
SNL_18650_NMC_25C_0-100_0.5-2C_b,snl,"1,321.00",graphite,NMC,LGC,450,25,0,100,0.5,2,3,18650
SNL_18650_NMC_25C_0-100_0.5-2C_b,snl,"1,321.00",graphite,NMC,LGC,500,25,0,100,0.5,2,3,18650
SNL_18650_NMC_25C_0-100_0.5-3C_a,snl,730,graphite,NMC,LGC,50,25,0,100,0.5,3,3,18650
SNL_18650_NMC_25C_0-100_0.5-3C_a,snl,730,graphite,NMC,LGC,100,25,0,100,0.5,3,3,18650
SNL_18650_NMC_25C_0-100_0.5-3C_a,snl,730,graphite,NMC,LGC,150,25,0,100,0.5,3,3,18650
SNL_18650_NMC_25C_0-100_0.5-3C_a,snl,730,graphite,NMC,LGC,200,25,0,100,0.5,3,3,18650
SNL_18650_NMC_25C_0-100_0.5-3C_a,snl,730,graphite,NMC,LGC,250,25,0,100,0.5,3,3,18650
SNL_18650_NMC_25C_0-100_0.5-3C_a,snl,730,graphite,NMC,LGC,300,25,0,100,0.5,3,3,18650
SNL_18650_NMC_25C_0-100_0.5-3C_a,snl,730,graphite,NMC,LGC,350,25,0,100,0.5,3,3,18650
SNL_18650_NMC_25C_0-100_0.5-3C_a,snl,730,graphite,NMC,LGC,400,25,0,100,0.5,3,3,18650
SNL_18650_NMC_25C_0-100_0.5-3C_a,snl,730,graphite,NMC,LGC,450,25,0,100,0.5,3,3,18650
SNL_18650_NMC_25C_0-100_0.5-3C_a,snl,730,graphite,NMC,LGC,500,25,0,100,0.5,3,3,18650
SNL_18650_NMC_25C_0-100_0.5-3C_b,snl,552,graphite,NMC,LGC,50,25,0,100,0.5,3,3,18650
SNL_18650_NMC_25C_0-100_0.5-3C_b,snl,552,graphite,NMC,LGC,100,25,0,100,0.5,3,3,18650
SNL_18650_NMC_25C_0-100_0.5-3C_b,snl,552,graphite,NMC,LGC,150,25,0,100,0.5,3,3,18650
SNL_18650_NMC_25C_0-100_0.5-3C_b,snl,552,graphite,NMC,LGC,200,25,0,100,0.5,3,3,18650
SNL_18650_NMC_25C_0-100_0.5-3C_b,snl,552,graphite,NMC,LGC,250,25,0,100,0.5,3,3,18650
SNL_18650_NMC_25C_0-100_0.5-3C_b,snl,552,graphite,NMC,LGC,300,25,0,100,0.5,3,3,18650
SNL_18650_NMC_25C_0-100_0.5-3C_b,snl,552,graphite,NMC,LGC,350,25,0,100,0.5,3,3,18650
SNL_18650_NMC_25C_0-100_0.5-3C_b,snl,552,graphite,NMC,LGC,400,25,0,100,0.5,3,3,18650
SNL_18650_NMC_25C_0-100_0.5-3C_b,snl,552,graphite,NMC,LGC,450,25,0,100,0.5,3,3,18650
SNL_18650_NMC_25C_0-100_0.5-3C_b,snl,552,graphite,NMC,LGC,500,25,0,100,0.5,3,3,18650
SNL_18650_NMC_25C_0-100_0.5-3C_c,snl,698,graphite,NMC,LGC,50,25,0,100,0.5,3,3,18650
SNL_18650_NMC_25C_0-100_0.5-3C_c,snl,698,graphite,NMC,LGC,100,25,0,100,0.5,3,3,18650
SNL_18650_NMC_25C_0-100_0.5-3C_c,snl,698,graphite,NMC,LGC,150,25,0,100,0.5,3,3,18650
SNL_18650_NMC_25C_0-100_0.5-3C_c,snl,698,graphite,NMC,LGC,200,25,0,100,0.5,3,3,18650
SNL_18650_NMC_25C_0-100_0.5-3C_c,snl,698,graphite,NMC,LGC,250,25,0,100,0.5,3,3,18650
SNL_18650_NMC_25C_0-100_0.5-3C_c,snl,698,graphite,NMC,LGC,300,25,0,100,0.5,3,3,18650
SNL_18650_NMC_25C_0-100_0.5-3C_c,snl,698,graphite,NMC,LGC,350,25,0,100,0.5,3,3,18650
SNL_18650_NMC_25C_0-100_0.5-3C_c,snl,698,graphite,NMC,LGC,400,25,0,100,0.5,3,3,18650
SNL_18650_NMC_25C_0-100_0.5-3C_c,snl,698,graphite,NMC,LGC,450,25,0,100,0.5,3,3,18650
SNL_18650_NMC_25C_0-100_0.5-3C_c,snl,698,graphite,NMC,LGC,500,25,0,100,0.5,3,3,18650
SNL_18650_NMC_25C_0-100_0.5-3C_d,snl,905,graphite,NMC,LGC,50,25,0,100,0.5,3,3,18650
SNL_18650_NMC_25C_0-100_0.5-3C_d,snl,905,graphite,NMC,LGC,100,25,0,100,0.5,3,3,18650
SNL_18650_NMC_25C_0-100_0.5-3C_d,snl,905,graphite,NMC,LGC,150,25,0,100,0.5,3,3,18650
SNL_18650_NMC_25C_0-100_0.5-3C_d,snl,905,graphite,NMC,LGC,200,25,0,100,0.5,3,3,18650
SNL_18650_NMC_25C_0-100_0.5-3C_d,snl,905,graphite,NMC,LGC,250,25,0,100,0.5,3,3,18650
SNL_18650_NMC_25C_0-100_0.5-3C_d,snl,905,graphite,NMC,LGC,300,25,0,100,0.5,3,3,18650
SNL_18650_NMC_25C_0-100_0.5-3C_d,snl,905,graphite,NMC,LGC,350,25,0,100,0.5,3,3,18650
SNL_18650_NMC_25C_0-100_0.5-3C_d,snl,905,graphite,NMC,LGC,400,25,0,100,0.5,3,3,18650
SNL_18650_NMC_25C_0-100_0.5-3C_d,snl,905,graphite,NMC,LGC,450,25,0,100,0.5,3,3,18650
SNL_18650_NMC_25C_0-100_0.5-3C_d,snl,905,graphite,NMC,LGC,500,25,0,100,0.5,3,3,18650
SNL_18650_NMC_25C_20-80_0.5-0.5C_a,snl,"4,351.00",graphite,NMC,LGC,50,25,20,80,0.5,0.5,3,18650
SNL_18650_NMC_25C_20-80_0.5-0.5C_a,snl,"4,351.00",graphite,NMC,LGC,100,25,20,80,0.5,0.5,3,18650
SNL_18650_NMC_25C_20-80_0.5-0.5C_a,snl,"4,351.00",graphite,NMC,LGC,150,25,20,80,0.5,0.5,3,18650
SNL_18650_NMC_25C_20-80_0.5-0.5C_a,snl,"4,351.00",graphite,NMC,LGC,200,25,20,80,0.5,0.5,3,18650
SNL_18650_NMC_25C_20-80_0.5-0.5C_a,snl,"4,351.00",graphite,NMC,LGC,250,25,20,80,0.5,0.5,3,18650
SNL_18650_NMC_25C_20-80_0.5-0.5C_a,snl,"4,351.00",graphite,NMC,LGC,300,25,20,80,0.5,0.5,3,18650
SNL_18650_NMC_25C_20-80_0.5-0.5C_a,snl,"4,351.00",graphite,NMC,LGC,350,25,20,80,0.5,0.5,3,18650
SNL_18650_NMC_25C_20-80_0.5-0.5C_a,snl,"4,351.00",graphite,NMC,LGC,400,25,20,80,0.5,0.5,3,18650
SNL_18650_NMC_25C_20-80_0.5-0.5C_a,snl,"4,351.00",graphite,NMC,LGC,450,25,20,80,0.5,0.5,3,18650
SNL_18650_NMC_25C_20-80_0.5-0.5C_a,snl,"4,351.00",graphite,NMC,LGC,500,25,20,80,0.5,0.5,3,18650
SNL_18650_NMC_25C_20-80_0.5-0.5C_b,snl,"3,631.00",graphite,NMC,LGC,50,25,20,80,0.5,0.5,3,18650
SNL_18650_NMC_25C_20-80_0.5-0.5C_b,snl,"3,631.00",graphite,NMC,LGC,100,25,20,80,0.5,0.5,3,18650
SNL_18650_NMC_25C_20-80_0.5-0.5C_b,snl,"3,631.00",graphite,NMC,LGC,150,25,20,80,0.5,0.5,3,18650
SNL_18650_NMC_25C_20-80_0.5-0.5C_b,snl,"3,631.00",graphite,NMC,LGC,200,25,20,80,0.5,0.5,3,18650
SNL_18650_NMC_25C_20-80_0.5-0.5C_b,snl,"3,631.00",graphite,NMC,LGC,250,25,20,80,0.5,0.5,3,18650
SNL_18650_NMC_25C_20-80_0.5-0.5C_b,snl,"3,631.00",graphite,NMC,LGC,300,25,20,80,0.5,0.5,3,18650
SNL_18650_NMC_25C_20-80_0.5-0.5C_b,snl,"3,631.00",graphite,NMC,LGC,350,25,20,80,0.5,0.5,3,18650
SNL_18650_NMC_25C_20-80_0.5-0.5C_b,snl,"3,631.00",graphite,NMC,LGC,400,25,20,80,0.5,0.5,3,18650
SNL_18650_NMC_25C_20-80_0.5-0.5C_b,snl,"3,631.00",graphite,NMC,LGC,450,25,20,80,0.5,0.5,3,18650
SNL_18650_NMC_25C_20-80_0.5-0.5C_b,snl,"3,631.00",graphite,NMC,LGC,500,25,20,80,0.5,0.5,3,18650
SNL_18650_NMC_25C_20-80_0.5-0.5C_c,snl,"1,431.00",graphite,NMC,LGC,50,25,20,80,0.5,0.5,3,18650
SNL_18650_NMC_25C_20-80_0.5-0.5C_c,snl,"1,431.00",graphite,NMC,LGC,100,25,20,80,0.5,0.5,3,18650
SNL_18650_NMC_25C_20-80_0.5-0.5C_c,snl,"1,431.00",graphite,NMC,LGC,150,25,20,80,0.5,0.5,3,18650
SNL_18650_NMC_25C_20-80_0.5-0.5C_c,snl,"1,431.00",graphite,NMC,LGC,200,25,20,80,0.5,0.5,3,18650
SNL_18650_NMC_25C_20-80_0.5-0.5C_c,snl,"1,431.00",graphite,NMC,LGC,250,25,20,80,0.5,0.5,3,18650
SNL_18650_NMC_25C_20-80_0.5-0.5C_c,snl,"1,431.00",graphite,NMC,LGC,300,25,20,80,0.5,0.5,3,18650
SNL_18650_NMC_25C_20-80_0.5-0.5C_c,snl,"1,431.00",graphite,NMC,LGC,350,25,20,80,0.5,0.5,3,18650
SNL_18650_NMC_25C_20-80_0.5-0.5C_c,snl,"1,431.00",graphite,NMC,LGC,400,25,20,80,0.5,0.5,3,18650
SNL_18650_NMC_25C_20-80_0.5-0.5C_c,snl,"1,431.00",graphite,NMC,LGC,450,25,20,80,0.5,0.5,3,18650
SNL_18650_NMC_25C_20-80_0.5-0.5C_c,snl,"1,431.00",graphite,NMC,LGC,500,25,20,80,0.5,0.5,3,18650
SNL_18650_NMC_25C_20-80_0.5-0.5C_d,snl,"3,360.00",graphite,NMC,LGC,50,25,20,80,0.5,0.5,3,18650
SNL_18650_NMC_25C_20-80_0.5-0.5C_d,snl,"3,360.00",graphite,NMC,LGC,100,25,20,80,0.5,0.5,3,18650
SNL_18650_NMC_25C_20-80_0.5-0.5C_d,snl,"3,360.00",graphite,NMC,LGC,150,25,20,80,0.5,0.5,3,18650
SNL_18650_NMC_25C_20-80_0.5-0.5C_d,snl,"3,360.00",graphite,NMC,LGC,200,25,20,80,0.5,0.5,3,18650
SNL_18650_NMC_25C_20-80_0.5-0.5C_d,snl,"3,360.00",graphite,NMC,LGC,250,25,20,80,0.5,0.5,3,18650
SNL_18650_NMC_25C_20-80_0.5-0.5C_d,snl,"3,360.00",graphite,NMC,LGC,300,25,20,80,0.5,0.5,3,18650
SNL_18650_NMC_25C_20-80_0.5-0.5C_d,snl,"3,360.00",graphite,NMC,LGC,350,25,20,80,0.5,0.5,3,18650
SNL_18650_NMC_25C_20-80_0.5-0.5C_d,snl,"3,360.00",graphite,NMC,LGC,400,25,20,80,0.5,0.5,3,18650
SNL_18650_NMC_25C_20-80_0.5-0.5C_d,snl,"3,360.00",graphite,NMC,LGC,450,25,20,80,0.5,0.5,3,18650
SNL_18650_NMC_25C_20-80_0.5-0.5C_d,snl,"3,360.00",graphite,NMC,LGC,500,25,20,80,0.5,0.5,3,18650
SNL_18650_NMC_25C_20-80_0.5-3C_a,snl,"3,610.00",graphite,NMC,LGC,50,25,20,80,0.5,3,3,18650
SNL_18650_NMC_25C_20-80_0.5-3C_a,snl,"3,610.00",graphite,NMC,LGC,100,25,20,80,0.5,3,3,18650
SNL_18650_NMC_25C_20-80_0.5-3C_a,snl,"3,610.00",graphite,NMC,LGC,150,25,20,80,0.5,3,3,18650
SNL_18650_NMC_25C_20-80_0.5-3C_a,snl,"3,610.00",graphite,NMC,LGC,200,25,20,80,0.5,3,3,18650
SNL_18650_NMC_25C_20-80_0.5-3C_a,snl,"3,610.00",graphite,NMC,LGC,250,25,20,80,0.5,3,3,18650
SNL_18650_NMC_25C_20-80_0.5-3C_a,snl,"3,610.00",graphite,NMC,LGC,300,25,20,80,0.5,3,3,18650
SNL_18650_NMC_25C_20-80_0.5-3C_a,snl,"3,610.00",graphite,NMC,LGC,350,25,20,80,0.5,3,3,18650
SNL_18650_NMC_25C_20-80_0.5-3C_a,snl,"3,610.00",graphite,NMC,LGC,400,25,20,80,0.5,3,3,18650
SNL_18650_NMC_25C_20-80_0.5-3C_a,snl,"3,610.00",graphite,NMC,LGC,450,25,20,80,0.5,3,3,18650
SNL_18650_NMC_25C_20-80_0.5-3C_a,snl,"3,610.00",graphite,NMC,LGC,500,25,20,80,0.5,3,3,18650
SNL_18650_NMC_25C_40-60_0.5-0.5C_a,snl,"11,150.00",graphite,NMC,LGC,50,25,40,60,0.5,0.5,3,18650
SNL_18650_NMC_25C_40-60_0.5-0.5C_a,snl,"11,150.00",graphite,NMC,LGC,100,25,40,60,0.5,0.5,3,18650
SNL_18650_NMC_25C_40-60_0.5-0.5C_a,snl,"11,150.00",graphite,NMC,LGC,150,25,40,60,0.5,0.5,3,18650
SNL_18650_NMC_25C_40-60_0.5-0.5C_a,snl,"11,150.00",graphite,NMC,LGC,200,25,40,60,0.5,0.5,3,18650
SNL_18650_NMC_25C_40-60_0.5-0.5C_a,snl,"11,150.00",graphite,NMC,LGC,250,25,40,60,0.5,0.5,3,18650
SNL_18650_NMC_25C_40-60_0.5-0.5C_a,snl,"11,150.00",graphite,NMC,LGC,300,25,40,60,0.5,0.5,3,18650
SNL_18650_NMC_25C_40-60_0.5-0.5C_a,snl,"11,150.00",graphite,NMC,LGC,350,25,40,60,0.5,0.5,3,18650
SNL_18650_NMC_25C_40-60_0.5-0.5C_a,snl,"11,150.00",graphite,NMC,LGC,400,25,40,60,0.5,0.5,3,18650
SNL_18650_NMC_25C_40-60_0.5-0.5C_a,snl,"11,150.00",graphite,NMC,LGC,450,25,40,60,0.5,0.5,3,18650
SNL_18650_NMC_25C_40-60_0.5-0.5C_a,snl,"11,150.00",graphite,NMC,LGC,500,25,40,60,0.5,0.5,3,18650
SNL_18650_NMC_25C_40-60_0.5-0.5C_b,snl,"9,122.00",graphite,NMC,LGC,50,25,40,60,0.5,0.5,3,18650
SNL_18650_NMC_25C_40-60_0.5-0.5C_b,snl,"9,122.00",graphite,NMC,LGC,100,25,40,60,0.5,0.5,3,18650
SNL_18650_NMC_25C_40-60_0.5-0.5C_b,snl,"9,122.00",graphite,NMC,LGC,150,25,40,60,0.5,0.5,3,18650
SNL_18650_NMC_25C_40-60_0.5-0.5C_b,snl,"9,122.00",graphite,NMC,LGC,200,25,40,60,0.5,0.5,3,18650
SNL_18650_NMC_25C_40-60_0.5-0.5C_b,snl,"9,122.00",graphite,NMC,LGC,250,25,40,60,0.5,0.5,3,18650
SNL_18650_NMC_25C_40-60_0.5-0.5C_b,snl,"9,122.00",graphite,NMC,LGC,300,25,40,60,0.5,0.5,3,18650
SNL_18650_NMC_25C_40-60_0.5-0.5C_b,snl,"9,122.00",graphite,NMC,LGC,350,25,40,60,0.5,0.5,3,18650
SNL_18650_NMC_25C_40-60_0.5-0.5C_b,snl,"9,122.00",graphite,NMC,LGC,400,25,40,60,0.5,0.5,3,18650
SNL_18650_NMC_25C_40-60_0.5-0.5C_b,snl,"9,122.00",graphite,NMC,LGC,450,25,40,60,0.5,0.5,3,18650
SNL_18650_NMC_25C_40-60_0.5-0.5C_b,snl,"9,122.00",graphite,NMC,LGC,500,25,40,60,0.5,0.5,3,18650
SNL_18650_NMC_25C_40-60_0.5-3C_a,snl,"12,918.00",graphite,NMC,LGC,50,25,40,60,0.5,3,3,18650
SNL_18650_NMC_25C_40-60_0.5-3C_a,snl,"12,918.00",graphite,NMC,LGC,100,25,40,60,0.5,3,3,18650
SNL_18650_NMC_25C_40-60_0.5-3C_a,snl,"12,918.00",graphite,NMC,LGC,150,25,40,60,0.5,3,3,18650
SNL_18650_NMC_25C_40-60_0.5-3C_a,snl,"12,918.00",graphite,NMC,LGC,200,25,40,60,0.5,3,3,18650
SNL_18650_NMC_25C_40-60_0.5-3C_a,snl,"12,918.00",graphite,NMC,LGC,250,25,40,60,0.5,3,3,18650
SNL_18650_NMC_25C_40-60_0.5-3C_a,snl,"12,918.00",graphite,NMC,LGC,300,25,40,60,0.5,3,3,18650
SNL_18650_NMC_25C_40-60_0.5-3C_a,snl,"12,918.00",graphite,NMC,LGC,350,25,40,60,0.5,3,3,18650
SNL_18650_NMC_25C_40-60_0.5-3C_a,snl,"12,918.00",graphite,NMC,LGC,400,25,40,60,0.5,3,3,18650
SNL_18650_NMC_25C_40-60_0.5-3C_a,snl,"12,918.00",graphite,NMC,LGC,450,25,40,60,0.5,3,3,18650
SNL_18650_NMC_25C_40-60_0.5-3C_a,snl,"12,918.00",graphite,NMC,LGC,500,25,40,60,0.5,3,3,18650
SNL_18650_NMC_25C_40-60_0.5-3C_b,snl,"11,149.00",graphite,NMC,LGC,50,25,40,60,0.5,3,3,18650
SNL_18650_NMC_25C_40-60_0.5-3C_b,snl,"11,149.00",graphite,NMC,LGC,100,25,40,60,0.5,3,3,18650
SNL_18650_NMC_25C_40-60_0.5-3C_b,snl,"11,149.00",graphite,NMC,LGC,150,25,40,60,0.5,3,3,18650
SNL_18650_NMC_25C_40-60_0.5-3C_b,snl,"11,149.00",graphite,NMC,LGC,200,25,40,60,0.5,3,3,18650
SNL_18650_NMC_25C_40-60_0.5-3C_b,snl,"11,149.00",graphite,NMC,LGC,250,25,40,60,0.5,3,3,18650
SNL_18650_NMC_25C_40-60_0.5-3C_b,snl,"11,149.00",graphite,NMC,LGC,300,25,40,60,0.5,3,3,18650
SNL_18650_NMC_25C_40-60_0.5-3C_b,snl,"11,149.00",graphite,NMC,LGC,350,25,40,60,0.5,3,3,18650
SNL_18650_NMC_25C_40-60_0.5-3C_b,snl,"11,149.00",graphite,NMC,LGC,400,25,40,60,0.5,3,3,18650
SNL_18650_NMC_25C_40-60_0.5-3C_b,snl,"11,149.00",graphite,NMC,LGC,450,25,40,60,0.5,3,3,18650
SNL_18650_NMC_25C_40-60_0.5-3C_b,snl,"11,149.00",graphite,NMC,LGC,500,25,40,60,0.5,3,3,18650
SNL_18650_NMC_35C_0-100_0.5-1C_a,snl,786,graphite,NMC,LGC,50,35,0,100,0.5,1,3,18650
SNL_18650_NMC_35C_0-100_0.5-1C_a,snl,786,graphite,NMC,LGC,100,35,0,100,0.5,1,3,18650
SNL_18650_NMC_35C_0-100_0.5-1C_a,snl,786,graphite,NMC,LGC,150,35,0,100,0.5,1,3,18650
SNL_18650_NMC_35C_0-100_0.5-1C_a,snl,786,graphite,NMC,LGC,200,35,0,100,0.5,1,3,18650
SNL_18650_NMC_35C_0-100_0.5-1C_a,snl,786,graphite,NMC,LGC,250,35,0,100,0.5,1,3,18650
SNL_18650_NMC_35C_0-100_0.5-1C_a,snl,786,graphite,NMC,LGC,300,35,0,100,0.5,1,3,18650
SNL_18650_NMC_35C_0-100_0.5-1C_a,snl,786,graphite,NMC,LGC,350,35,0,100,0.5,1,3,18650
SNL_18650_NMC_35C_0-100_0.5-1C_a,snl,786,graphite,NMC,LGC,400,35,0,100,0.5,1,3,18650
SNL_18650_NMC_35C_0-100_0.5-1C_a,snl,786,graphite,NMC,LGC,450,35,0,100,0.5,1,3,18650
SNL_18650_NMC_35C_0-100_0.5-1C_a,snl,786,graphite,NMC,LGC,500,35,0,100,0.5,1,3,18650
SNL_18650_NMC_35C_0-100_0.5-1C_b,snl,786,graphite,NMC,LGC,50,35,0,100,0.5,1,3,18650
SNL_18650_NMC_35C_0-100_0.5-1C_b,snl,786,graphite,NMC,LGC,100,35,0,100,0.5,1,3,18650
SNL_18650_NMC_35C_0-100_0.5-1C_b,snl,786,graphite,NMC,LGC,150,35,0,100,0.5,1,3,18650
SNL_18650_NMC_35C_0-100_0.5-1C_b,snl,786,graphite,NMC,LGC,200,35,0,100,0.5,1,3,18650
SNL_18650_NMC_35C_0-100_0.5-1C_b,snl,786,graphite,NMC,LGC,250,35,0,100,0.5,1,3,18650
SNL_18650_NMC_35C_0-100_0.5-1C_b,snl,786,graphite,NMC,LGC,300,35,0,100,0.5,1,3,18650
SNL_18650_NMC_35C_0-100_0.5-1C_b,snl,786,graphite,NMC,LGC,350,35,0,100,0.5,1,3,18650
SNL_18650_NMC_35C_0-100_0.5-1C_b,snl,786,graphite,NMC,LGC,400,35,0,100,0.5,1,3,18650
SNL_18650_NMC_35C_0-100_0.5-1C_b,snl,786,graphite,NMC,LGC,450,35,0,100,0.5,1,3,18650
SNL_18650_NMC_35C_0-100_0.5-1C_b,snl,786,graphite,NMC,LGC,500,35,0,100,0.5,1,3,18650
SNL_18650_NMC_35C_0-100_0.5-1C_c,snl,785,graphite,NMC,LGC,50,35,0,100,0.5,1,3,18650
SNL_18650_NMC_35C_0-100_0.5-1C_c,snl,785,graphite,NMC,LGC,100,35,0,100,0.5,1,3,18650
SNL_18650_NMC_35C_0-100_0.5-1C_c,snl,785,graphite,NMC,LGC,150,35,0,100,0.5,1,3,18650
SNL_18650_NMC_35C_0-100_0.5-1C_c,snl,785,graphite,NMC,LGC,200,35,0,100,0.5,1,3,18650
SNL_18650_NMC_35C_0-100_0.5-1C_c,snl,785,graphite,NMC,LGC,250,35,0,100,0.5,1,3,18650
SNL_18650_NMC_35C_0-100_0.5-1C_c,snl,785,graphite,NMC,LGC,300,35,0,100,0.5,1,3,18650
SNL_18650_NMC_35C_0-100_0.5-1C_c,snl,785,graphite,NMC,LGC,350,35,0,100,0.5,1,3,18650
SNL_18650_NMC_35C_0-100_0.5-1C_c,snl,785,graphite,NMC,LGC,400,35,0,100,0.5,1,3,18650
SNL_18650_NMC_35C_0-100_0.5-1C_c,snl,785,graphite,NMC,LGC,450,35,0,100,0.5,1,3,18650
SNL_18650_NMC_35C_0-100_0.5-1C_c,snl,785,graphite,NMC,LGC,500,35,0,100,0.5,1,3,18650
SNL_18650_NMC_35C_0-100_0.5-1C_d,snl,786,graphite,NMC,LGC,50,35,0,100,0.5,1,3,18650
SNL_18650_NMC_35C_0-100_0.5-1C_d,snl,786,graphite,NMC,LGC,100,35,0,100,0.5,1,3,18650
SNL_18650_NMC_35C_0-100_0.5-1C_d,snl,786,graphite,NMC,LGC,150,35,0,100,0.5,1,3,18650
SNL_18650_NMC_35C_0-100_0.5-1C_d,snl,786,graphite,NMC,LGC,200,35,0,100,0.5,1,3,18650
SNL_18650_NMC_35C_0-100_0.5-1C_d,snl,786,graphite,NMC,LGC,250,35,0,100,0.5,1,3,18650
SNL_18650_NMC_35C_0-100_0.5-1C_d,snl,786,graphite,NMC,LGC,300,35,0,100,0.5,1,3,18650
SNL_18650_NMC_35C_0-100_0.5-1C_d,snl,786,graphite,NMC,LGC,350,35,0,100,0.5,1,3,18650
SNL_18650_NMC_35C_0-100_0.5-1C_d,snl,786,graphite,NMC,LGC,400,35,0,100,0.5,1,3,18650
SNL_18650_NMC_35C_0-100_0.5-1C_d,snl,786,graphite,NMC,LGC,450,35,0,100,0.5,1,3,18650
SNL_18650_NMC_35C_0-100_0.5-1C_d,snl,786,graphite,NMC,LGC,500,35,0,100,0.5,1,3,18650
SNL_18650_NMC_35C_0-100_0.5-2C_a,snl,786,graphite,NMC,LGC,50,35,0,100,0.5,1,3,18650
SNL_18650_NMC_35C_0-100_0.5-2C_a,snl,786,graphite,NMC,LGC,100,35,0,100,0.5,1,3,18650
SNL_18650_NMC_35C_0-100_0.5-2C_a,snl,786,graphite,NMC,LGC,150,35,0,100,0.5,1,3,18650
SNL_18650_NMC_35C_0-100_0.5-2C_a,snl,786,graphite,NMC,LGC,200,35,0,100,0.5,1,3,18650
SNL_18650_NMC_35C_0-100_0.5-2C_a,snl,786,graphite,NMC,LGC,250,35,0,100,0.5,1,3,18650
SNL_18650_NMC_35C_0-100_0.5-2C_a,snl,786,graphite,NMC,LGC,300,35,0,100,0.5,1,3,18650
SNL_18650_NMC_35C_0-100_0.5-2C_a,snl,786,graphite,NMC,LGC,350,35,0,100,0.5,1,3,18650
SNL_18650_NMC_35C_0-100_0.5-2C_a,snl,786,graphite,NMC,LGC,400,35,0,100,0.5,1,3,18650
SNL_18650_NMC_35C_0-100_0.5-2C_a,snl,786,graphite,NMC,LGC,450,35,0,100,0.5,1,3,18650
SNL_18650_NMC_35C_0-100_0.5-2C_a,snl,786,graphite,NMC,LGC,500,35,0,100,0.5,1,3,18650
SNL_18650_NMC_35C_0-100_0.5-2C_b,snl,772,graphite,NMC,LGC,50,35,0,100,0.5,2,3,18650
SNL_18650_NMC_35C_0-100_0.5-2C_b,snl,772,graphite,NMC,LGC,100,35,0,100,0.5,2,3,18650
SNL_18650_NMC_35C_0-100_0.5-2C_b,snl,772,graphite,NMC,LGC,150,35,0,100,0.5,2,3,18650
SNL_18650_NMC_35C_0-100_0.5-2C_b,snl,772,graphite,NMC,LGC,200,35,0,100,0.5,2,3,18650
SNL_18650_NMC_35C_0-100_0.5-2C_b,snl,772,graphite,NMC,LGC,250,35,0,100,0.5,2,3,18650
SNL_18650_NMC_35C_0-100_0.5-2C_b,snl,772,graphite,NMC,LGC,300,35,0,100,0.5,2,3,18650
SNL_18650_NMC_35C_0-100_0.5-2C_b,snl,772,graphite,NMC,LGC,350,35,0,100,0.5,2,3,18650
SNL_18650_NMC_35C_0-100_0.5-2C_b,snl,772,graphite,NMC,LGC,400,35,0,100,0.5,2,3,18650
SNL_18650_NMC_35C_0-100_0.5-2C_b,snl,772,graphite,NMC,LGC,450,35,0,100,0.5,2,3,18650
SNL_18650_NMC_35C_0-100_0.5-2C_b,snl,772,graphite,NMC,LGC,500,35,0,100,0.5,2,3,18650
